timestamp,frame_index,target_id,meter_conf,display_conf,meter_cx,meter_cy,display_cx,display_cy,target_source,depth_m,camera_x_m,camera_y_m,camera_z_m,smooth_x_m,smooth_y_m,smooth_z_m,has_display
1787399902.2153323,1,1,0.928450,0.909559,737,263,737,210,meter,0.821500,0.059951,-0.098824,0.821500,0.059951,-0.098824,0.821500,1
1787399902.2153323,1,2,0.936009,0.904619,736,557,742,499,meter,0.793000,0.076311,0.191499,0.793000,0.076311,0.191499,0.793000,1
1787399902.2153323,1,3,0.939149,0.942502,900,561,900,497,meter,0.808000,0.224489,0.199605,0.808000,0.224489,0.199605,0.808000,1
1787399902.4469573,2,1,0.929675,0.917613,737,262,737,210,meter,0.820500,0.059878,-0.099614,0.820500,0.059914,-0.099219,0.821000,1
1787399902.4469573,2,2,0.934987,0.896984,735,556,743,499,meter,0.795000,0.075623,0.191100,0.795000,0.075967,0.191299,0.794000,1
1787399902.4469573,2,3,0.944818,0.950102,900,556,900,497,meter,0.810000,0.225045,0.195604,0.810000,0.224767,0.197604,0.809000,1
1787399902.643017,3,1,0.931236,0.922357,739,263,737,210,meter,0.820500,0.061695,-0.098704,0.820500,0.059951,-0.098824,0.820500,1
1787399902.643017,3,2,0.934557,0.908219,735,553,742,499,meter,0.798000,0.075909,0.188278,0.798000,0.075909,0.191100,0.795000,1
1787399902.643017,3,3,0.944236,0.945760,899,558,900,497,meter,0.807000,0.223318,0.196671,0.807000,0.224489,0.196671,0.808000,1
1787399902.8684728,4,1,0.932971,0.922207,737,262,737,210,meter,0.818000,0.059695,-0.099311,0.818000,0.059914,-0.099067,0.820500,1
1787399902.8684728,4,2,0.934540,0.901844,735,554,742,499,meter,0.792000,0.075338,0.187742,0.792000,0.075766,0.189689,0.794000,1
1787399902.8684728,4,3,0.943887,0.950266,899,557,900,497,meter,0.807000,0.223318,0.195775,0.807000,0.223903,0.196223,0.807500,1
1787399903.0486782,5,1,0.933152,0.931863,736,262,737,210,meter,0.822000,0.059987,-0.099796,0.822000,0.059951,-0.099311,0.820500,1
1787399903.0486782,5,2,0.939144,0.909068,735,551,742,499,meter,0.798000,0.075909,0.186507,0.798000,0.075909,0.188278,0.795000,1
1787399903.0486782,5,3,0.939822,0.951813,900,555,900,497,meter,0.808000,0.224489,0.193328,0.808000,0.224489,0.195775,0.808000,1
1787399903.240428,6,1,0.929583,0.925097,737,261,737,210,meter,0.820500,0.060786,-0.100525,0.820500,0.059969,-0.099463,0.820500,1
1787399903.240428,6,2,0.938402,0.905964,735,552,742,499,meter,0.796000,0.075718,0.186040,0.796000,0.075813,0.188010,0.795500,1
1787399903.240428,6,3,0.941280,0.951618,899,555,900,496,meter,0.809000,0.223871,0.193567,0.809000,0.224180,0.195690,0.808000,1
1787399903.4154418,7,1,0.931552,0.929368,737,261,737,210,meter,0.820000,0.059841,-0.100464,0.820000,0.059951,-0.099614,0.820500,1
1787399903.4154418,7,2,0.937817,0.906260,735,552,742,499,meter,0.793000,0.075433,0.186219,0.793000,0.075718,0.187742,0.795000,1
1787399903.4154418,7,3,0.936629,0.955731,900,556,900,496,meter,0.804000,0.223378,0.193263,0.804000,0.223871,0.195604,0.808000,1
1787399903.569539,8,1,0.931351,0.932535,737,262,737,210,meter,0.818000,0.079623,-0.073893,0.818000,0.059969,-0.099463,0.820500,1
1787399903.569539,8,2,0.936949,0.902829,735,551,742,499,meter,0.793000,0.075433,0.184459,0.793000,0.075671,0.187124,0.794000,1
1787399903.569539,8,3,0.941071,0.951296,899,556,900,496,meter,0.809000,0.223871,0.194465,0.809000,0.223871,0.195035,0.808000,1
1787399903.725041,9,1,0.931117,0.923024,736,262,737,210,meter,0.819500,0.059805,-0.099493,0.819500,0.059951,-0.099493,0.820500,1
1787399903.725041,9,2,0.940095,0.900282,735,551,742,499,meter,0.793000,0.075433,0.185339,0.793000,0.075623,0.186507,0.793000,1
1787399903.725041,9,3,0.941395,0.949672,899,557,900,497,meter,0.808000,0.223594,0.195121,0.808000,0.223871,0.195121,0.808000,1
1787399903.8844342,10,1,0.932742,0.925352,737,262,737,210,meter,0.819000,0.059768,-0.099432,0.819000,0.059914,-0.099463,0.820250,1
1787399903.8844342,10,2,0.938501,0.909463,735,552,742,499,meter,0.794000,0.075528,0.186454,0.794000,0.075576,0.186480,0.793500,1
1787399903.8844342,10,3,0.947628,0.950264,899,556,900,497,meter,0.810000,0.224148,0.194705,0.810000,0.223871,0.194913,0.808000,1
1787399904.0235674,11,1,0.930960,0.922844,737,261,737,210,meter,0.820500,0.060786,-0.100525,0.820500,0.059951,-0.099493,0.820500,1
1787399904.0235674,11,2,0.937164,0.908679,735,552,742,499,meter,0.793000,0.075433,0.186219,0.793000,0.075528,0.186454,0.793000,1
1787399904.0235674,11,3,0.935014,0.953679,899,553,900,497,meter,0.810000,0.224148,0.191110,0.810000,0.223871,0.194705,0.808000,1
1787399904.182801,12,1,0.932519,0.921046,736,261,737,210,meter,0.821000,0.059914,-0.100586,0.821000,0.059932,-0.099554,0.820500,1
1787399904.182801,12,2,0.938051,0.902535,735,553,742,499,meter,0.793000,0.075433,0.187099,0.793000,0.075481,0.186480,0.793000,1
1787399904.182801,12,3,0.942405,0.954265,899,556,900,497,meter,0.806000,0.223041,0.193744,0.806000,0.223871,0.194585,0.808000,1
1787399904.3212814,13,1,0.932459,0.923827,737,262,737,210,meter,0.819000,0.059768,-0.099432,0.819000,0.059914,-0.099493,0.820500,1
1787399904.3212814,13,2,0.938211,0.902051,735,552,742,499,meter,0.794000,0.075528,0.186454,0.794000,0.075528,0.186454,0.793000,1
1787399904.3212814,13,3,0.936477,0.950671,899,554,900,497,meter,0.807000,0.223318,0.192193,0.807000,0.223871,0.194465,0.808000,1
1787399904.4470496,14,1,0.933239,0.920426,737,262,737,210,meter,0.822500,0.060934,-0.099857,0.822500,0.059932,-0.099554,0.820500,1
1787399904.4470496,14,2,0.937203,0.897915,735,552,742,499,meter,0.797000,0.075813,0.186274,0.797000,0.075528,0.186454,0.793500,1
1787399904.4470496,14,3,0.941192,0.954958,899,555,900,496,meter,0.807000,0.223318,0.193089,0.807000,0.223733,0.194104,0.808000,1
1787399904.591271,15,1,0.931050,0.926981,737,262,737,210,meter,0.817000,0.079525,-0.072896,0.817000,0.059951,-0.099493,0.820500,1
1787399904.591271,15,2,0.939507,0.912607,735,552,742,499,meter,0.795000,0.075623,0.186688,0.795000,0.075528,0.186454,0.794000,1
1787399904.591271,15,3,0.944006,0.951139,899,556,900,497,meter,0.809000,0.223871,0.194465,0.809000,0.223871,0.194465,0.808000,1
1787399904.7395487,16,1,0.930987,0.927852,736,262,737,210,meter,0.821000,0.059005,-0.099675,0.821000,0.059914,-0.099614,0.820500,1
1787399904.7395487,16,2,0.936867,0.898368,735,553,742,499,meter,0.793000,0.075433,0.187979,0.793000,0.075528,0.186454,0.794000,1
1787399904.7395487,16,3,0.947135,0.947868,899,558,900,496,meter,0.806000,0.223041,0.196427,0.806000,0.223594,0.194465,0.808000,1
1787399904.8668122,17,1,0.930542,0.923837,736,261,737,210,meter,0.817000,0.078621,-0.073802,0.817000,0.059987,-0.099493,0.820000,1
1787399904.8668122,17,2,0.936972,0.905875,735,552,742,499,meter,0.795000,0.075623,0.186688,0.795000,0.075528,0.186454,0.794000,1
1787399904.8668122,17,3,0.944637,0.953261,899,557,900,497,meter,0.808000,0.223594,0.195121,0.808000,0.223594,0.194465,0.808000,1
1787399905.01026,18,1,0.929820,0.924732,737,261,737,210,meter,0.820500,0.059878,-0.100525,0.820500,0.059914,-0.099675,0.820000,1
1787399905.01026,18,2,0.935357,0.910478,735,552,742,499,meter,0.793000,0.075433,0.186219,0.793000,0.075433,0.186454,0.793000,1
1787399905.01026,18,3,0.937332,0.949952,899,554,900,497,meter,0.809000,0.223871,0.191772,0.809000,0.223594,0.193744,0.808000,1
1787399905.1552174,19,1,0.932710,0.923541,737,262,737,210,meter,0.821000,0.059914,-0.099675,0.821000,0.059914,-0.099675,0.820500,1
1787399905.1552174,19,2,0.940025,0.899503,735,551,742,499,meter,0.794000,0.075528,0.184691,0.794000,0.075528,0.186274,0.794000,1
1787399905.1552174,19,3,0.942712,0.948120,899,558,900,497,meter,0.809000,0.223871,0.197158,0.809000,0.223871,0.193744,0.808000,1
1787399905.337267,20,1,0.931964,0.921592,737,262,737,210,meter,0.820000,0.079817,-0.074073,0.820000,0.059914,-0.099675,0.820000,1
1787399905.337267,20,2,0.940485,0.897964,735,552,742,499,meter,0.792000,0.075338,0.185984,0.792000,0.075433,0.186219,0.793000,1
1787399905.337267,20,3,0.941840,0.953979,899,559,900,497,meter,0.811000,0.224425,0.198546,0.811000,0.223871,0.194465,0.809000,1
1787399905.5136442,21,1,0.934442,0.924680,736,262,737,210,meter,0.816500,0.059586,-0.099129,0.816500,0.059914,-0.099493,0.820000,1
1787399905.5136442,21,2,0.940685,0.908155,735,552,742,499,meter,0.794000,0.075528,0.185572,0.794000,0.075433,0.186219,0.793000,1
1787399905.5136442,21,3,0.938091,0.952152,899,554,900,496,meter,0.810000,0.224148,0.192009,0.810000,0.223871,0.194465,0.809000,1
1787399905.677969,22,1,0.932321,0.928121,736,262,737,210,meter,0.820500,0.059878,-0.099614,0.820500,0.059914,-0.099493,0.820000,1
1787399905.677969,22,2,0.940419,0.909271,735,552,742,499,meter,0.792000,0.075338,0.185984,0.792000,0.075433,0.186219,0.793000,1
1787399905.677969,22,3,0.944662,0.951560,899,558,900,497,meter,0.809000,0.223871,0.196261,0.809000,0.223871,0.194465,0.809000,1
1787399905.8442357,23,1,0.931847,0.925476,737,262,737,210,meter,0.821500,0.059951,-0.099736,0.821500,0.059914,-0.099614,0.820500,1
1787399905.8442357,23,2,0.940003,0.910886,735,552,742,499,meter,0.794000,0.075528,0.186454,0.794000,0.075528,0.186274,0.794000,1
1787399905.8442357,23,3,0.944048,0.951491,898,556,900,497,meter,0.808000,0.222700,0.193328,0.808000,0.223871,0.194465,0.809000,1
1787399906.0132,24,1,0.931427,0.922058,738,262,737,210,meter,0.820000,0.080725,-0.073163,0.820000,0.059914,-0.099614,0.820500,1
1787399906.0132,24,2,0.940484,0.899874,735,552,742,499,meter,0.794000,0.075528,0.185572,0.794000,0.075528,0.186274,0.794000,1
1787399906.0132,24,3,0.940565,0.953195,899,556,900,497,meter,0.806000,0.223041,0.193744,0.806000,0.223871,0.193744,0.809000,1
1787399906.2108526,25,1,0.932813,0.925421,736,262,737,210,meter,0.818500,0.059732,-0.099371,0.818500,0.059914,-0.099614,0.820500,1
1787399906.2108526,25,2,0.937736,0.911037,735,552,742,499,meter,0.795000,0.075623,0.185806,0.795000,0.075528,0.186219,0.794000,1
1787399906.2108526,25,3,0.938631,0.951316,899,553,900,497,meter,0.807000,0.223318,0.190402,0.807000,0.223594,0.193744,0.808000,1
1787399906.4256709,26,1,0.930404,0.927731,737,262,737,210,meter,0.819000,0.060675,-0.099432,0.819000,0.059914,-0.099432,0.820000,1
1787399906.4256709,26,2,0.938331,0.907164,735,553,742,499,meter,0.793000,0.075433,0.187099,0.793000,0.075528,0.186274,0.794000,1
1787399906.4256709,26,3,0.937478,0.951933,899,554,900,497,meter,0.806000,0.223041,0.191060,0.806000,0.223318,0.193744,0.808000,1
1787399906.7599337,27,1,0.929875,0.921817,737,261,737,210,meter,0.816500,0.059586,-0.100035,0.816500,0.059914,-0.099432,0.820000,1
1787399906.7599337,27,2,0.941058,0.900358,735,551,742,499,meter,0.795000,0.075623,0.185806,0.795000,0.075528,0.186219,0.794000,1
1787399906.7599337,27,3,0.933409,0.947350,899,552,900,497,meter,0.810000,0.224148,0.189312,0.810000,0.223594,0.193328,0.808000,1
1787399906.948285,28,1,0.932378,0.927671,737,261,737,210,meter,0.821500,0.059951,-0.100647,0.821500,0.059951,-0.099614,0.820000,1
1787399906.948285,28,2,0.935330,0.913112,734,554,742,499,meter,0.794000,0.074649,0.188216,0.794000,0.075528,0.186219,0.794000,1
1787399906.948285,28,3,0.942896,0.946048,899,558,900,497,meter,0.808000,0.223594,0.196915,0.808000,0.223594,0.193744,0.808000,1
1787399907.126335,29,1,0.931280,0.928791,737,262,737,210,meter,0.819000,0.059768,-0.099432,0.819000,0.059914,-0.099432,0.820000,1
1787399907.126335,29,2,0.939268,0.904377,735,552,742,499,meter,0.794000,0.075528,0.186454,0.794000,0.075528,0.186219,0.794000,1
1787399907.126335,29,3,0.939195,0.951238,899,556,900,496,meter,0.814000,0.225255,0.195667,0.814000,0.223871,0.194465,0.809000,1
1787399907.3184097,30,1,0.934301,0.925802,736,261,737,210,meter,0.819000,0.059768,-0.100341,0.819000,0.059878,-0.099614,0.820000,1
1787399907.3184097,30,2,0.938108,0.906853,735,551,742,499,meter,0.796000,0.075718,0.186040,0.796000,0.075528,0.186040,0.794000,1
1787399907.3184097,30,3,0.938480,0.952254,899,553,900,496,meter,0.807000,0.223318,0.190402,0.807000,0.223594,0.193744,0.808000,1
1787399907.5705435,31,1,0.932285,0.920347,737,261,737,209,meter,0.818500,0.059732,-0.100280,0.818500,0.059878,-0.099614,0.819000,1
1787399907.5705435,31,2,0.939045,0.903311,735,552,742,499,meter,0.794000,0.075528,0.185572,0.794000,0.075528,0.185984,0.794000,1
1787399907.5705435,31,3,0.941589,0.953132,899,560,900,496,meter,0.809000,0.223871,0.198954,0.809000,0.223871,0.193744,0.809000,1
1787399907.7974765,32,1,0.931820,0.925951,737,262,737,210,meter,0.818500,0.060638,-0.099371,0.818500,0.059878,-0.099614,0.819000,1
1787399907.7974765,32,2,0.940765,0.905084,735,553,742,499,meter,0.794000,0.075528,0.186454,0.794000,0.075528,0.185984,0.794000,1
1787399907.7974765,32,3,0.928851,0.954981,899,552,900,497,meter,0.809000,0.223871,0.189078,0.809000,0.223871,0.193328,0.809000,1
1787399908.019415,33,1,0.930133,0.922157,737,262,737,210,meter,0.826000,0.061194,-0.100282,0.826000,0.059914,-0.099614,0.819000,1
1787399908.019415,33,2,0.937006,0.912127,735,552,742,499,meter,0.797000,0.075813,0.187158,0.797000,0.075528,0.185984,0.794000,1
1787399908.019415,33,3,0.942200,0.954774,899,555,900,497,meter,0.808000,0.223594,0.192431,0.808000,0.223871,0.193328,0.809000,1
1787399908.2069545,34,1,0.930305,0.925856,737,262,737,210,meter,0.824500,0.060169,-0.100100,0.824500,0.059951,-0.099614,0.819000,1
1787399908.2069545,34,2,0.936358,0.910315,735,553,742,499,meter,0.794000,0.075528,0.187335,0.794000,0.075528,0.186040,0.794000,1
1787399908.2069545,34,3,0.943130,0.948119,899,558,900,497,meter,0.808000,0.223594,0.196018,0.808000,0.223594,0.193328,0.808000,1
1787399908.4246395,35,1,0.930066,0.923966,737,261,737,210,meter,0.819000,0.059768,-0.100341,0.819000,0.059878,-0.099736,0.819000,1
1787399908.4246395,35,2,0.938575,0.909091,735,552,742,499,meter,0.795000,0.075623,0.186688,0.795000,0.075528,0.186454,0.794000,1
1787399908.4246395,35,3,0.941728,0.953233,899,556,900,497,meter,0.808000,0.223594,0.193328,0.808000,0.223594,0.193328,0.808000,1
1787399908.6273427,36,1,0.930571,0.929598,738,261,737,210,meter,0.816000,0.060453,-0.099974,0.816000,0.059951,-0.099974,0.819000,1
1787399908.6273427,36,2,0.937456,0.910321,735,552,742,499,meter,0.793000,0.075433,0.185339,0.793000,0.075528,0.186454,0.794000,1
1787399908.6273427,36,3,0.925337,0.954887,899,552,900,496,meter,0.811000,0.224425,0.189546,0.811000,0.223594,0.193328,0.808000,1
1787399908.7835324,37,1,0.931684,0.922807,737,262,737,210,meter,0.821500,0.059951,-0.099736,0.821500,0.059951,-0.099974,0.819000,1
1787399908.7835324,37,2,0.940914,0.905016,735,552,742,499,meter,0.793000,0.075433,0.185339,0.793000,0.075528,0.186454,0.794000,1
1787399908.7835324,37,3,0.940646,0.949890,899,554,900,497,meter,0.810000,0.224148,0.192907,0.810000,0.223594,0.192907,0.808000,1
1787399908.9274163,38,1,0.931927,0.928525,737,262,737,210,meter,0.819500,0.059805,-0.099493,0.819500,0.059951,-0.099974,0.819000,1
1787399908.9274163,38,2,0.937545,0.903980,735,552,742,499,meter,0.792000,0.075338,0.185984,0.792000,0.075528,0.186040,0.794000,1
1787399908.9274163,38,3,0.939436,0.950971,899,555,900,496,meter,0.808000,0.223594,0.193328,0.808000,0.223594,0.192907,0.808000,1
1787399909.0910106,39,1,0.932345,0.922961,737,262,737,210,meter,0.818000,0.059695,-0.099311,0.818000,0.059805,-0.099974,0.819000,1
1787399909.0910106,39,2,0.939193,0.902243,735,552,742,499,meter,0.795000,0.075623,0.185806,0.795000,0.075528,0.186040,0.794000,1
1787399909.0910106,39,3,0.938359,0.954888,899,555,900,497,meter,0.809000,0.223871,0.193567,0.809000,0.223594,0.192907,0.808000,1
1787399909.2266755,40,1,0.931103,0.926309,737,262,737,210,meter,0.817000,0.059622,-0.099189,0.817000,0.059805,-0.099974,0.819000,1
1787399909.2266755,40,2,0.938711,0.909886,735,552,742,499,meter,0.795000,0.075623,0.186688,0.795000,0.075528,0.186454,0.794000,1
1787399909.2266755,40,3,0.944728,0.952276,899,554,900,496,meter,0.809000,0.223871,0.191772,0.809000,0.223871,0.192907,0.809000,1
1787399909.3457997,41,1,0.932895,0.925820,736,262,737,210,meter,0.820500,0.059878,-0.099614,0.820500,0.059805,-0.099974,0.819000,1
1787399909.3457997,41,2,0.939264,0.904179,735,553,742,499,meter,0.797000,0.075813,0.188042,0.797000,0.075528,0.186454,0.794000,1
1787399909.3457997,41,3,0.935063,0.947982,899,555,900,496,meter,0.807000,0.223318,0.193089,0.807000,0.223871,0.193089,0.809000,1
1787399909.4993877,42,1,0.932960,0.925880,737,262,737,210,meter,0.818000,0.059695,-0.099311,0.818000,0.059805,-0.099736,0.819000,1
1787399909.4993877,42,2,0.939637,0.908904,735,552,742,499,meter,0.795000,0.075623,0.185806,0.795000,0.075528,0.186454,0.794000,1
1787399909.4993877,42,3,0.941086,0.948226,899,557,900,497,meter,0.809000,0.223871,0.196261,0.809000,0.223871,0.193328,0.809000,1
1787399909.6196365,43,1,0.930597,0.921365,738,263,737,210,meter,0.820000,0.060749,-0.098644,0.820000,0.059805,-0.099614,0.819000,1
1787399909.6196365,43,2,0.939517,0.903934,736,552,742,499,meter,0.796000,0.076600,0.186040,0.796000,0.075623,0.186040,0.795000,1
1787399909.6196365,43,3,0.934797,0.956250,899,553,900,496,meter,0.805000,0.222764,0.190823,0.805000,0.223871,0.193089,0.809000,1
1787399909.744831,44,1,0.932039,0.923757,736,262,737,210,meter,0.819500,0.059805,-0.099493,0.819500,0.059805,-0.099614,0.819000,1
1787399909.744831,44,2,0.937919,0.907606,735,552,742,499,meter,0.792000,0.075338,0.185984,0.792000,0.075623,0.186040,0.795000,1
1787399909.744831,44,3,0.940588,0.955249,899,557,900,496,meter,0.810000,0.224148,0.195604,0.810000,0.223871,0.193089,0.809000,1
1787399909.870794,45,1,0.934186,0.925868,737,261,737,210,meter,0.822000,0.080012,-0.074254,0.822000,0.059878,-0.099493,0.819500,1
1787399909.870794,45,2,0.938709,0.897614,735,552,742,499,meter,0.794000,0.075528,0.186454,0.794000,0.075528,0.186040,0.794000,1
1787399909.870794,45,3,0.940039,0.947144,899,556,900,496,meter,0.807000,0.223318,0.193984,0.807000,0.223871,0.193328,0.809000,1
1787399910.000522,46,1,0.931933,0.922152,737,262,737,210,meter,0.820000,0.060749,-0.099554,0.820000,0.059951,-0.099493,0.819500,1
1787399910.000522,46,2,0.938771,0.908168,735,553,742,499,meter,0.795000,0.075623,0.186688,0.795000,0.075623,0.186454,0.795000,1
1787399910.000522,46,3,0.947060,0.954105,899,555,900,497,meter,0.810000,0.224148,0.193806,0.810000,0.223871,0.193328,0.809000,1
1787399910.146263,47,1,0.931571,0.926992,737,262,737,210,meter,0.819500,0.060712,-0.099493,0.819500,0.059951,-0.099493,0.819500,1
1787399910.146263,47,2,0.937413,0.908294,735,552,742,499,meter,0.795000,0.075623,0.185806,0.795000,0.075623,0.186040,0.795000,1
1787399910.146263,47,3,0.935783,0.956239,899,556,900,496,meter,0.806000,0.223041,0.192849,0.806000,0.223594,0.193328,0.808000,1
1787399910.2825682,48,1,0.932082,0.919446,737,262,737,210,meter,0.818500,0.060638,-0.099371,0.818500,0.059951,-0.099493,0.819500,1
1787399910.2825682,48,2,0.940363,0.907480,735,553,742,499,meter,0.793000,0.075433,0.187099,0.793000,0.075623,0.186040,0.795000,1
1787399910.2825682,48,3,0.945515,0.953211,899,558,900,497,meter,0.807000,0.223318,0.195775,0.807000,0.223594,0.193328,0.808000,1
1787399910.4086602,49,1,0.933169,0.924276,737,262,737,210,meter,0.819000,0.060675,-0.099432,0.819000,0.059951,-0.099493,0.819500,1
1787399910.4086602,49,2,0.936553,0.897977,735,552,742,499,meter,0.795000,0.075623,0.186688,0.795000,0.075623,0.186040,0.795000,1
1787399910.4086602,49,3,0.926201,0.951582,900,552,900,496,meter,0.807000,0.224211,0.189506,0.807000,0.223871,0.193328,0.808000,1
1787399910.549678,50,1,0.930708,0.935204,737,261,737,210,meter,0.821500,0.060860,-0.100647,0.821500,0.060453,-0.099493,0.819500,1
1787399910.549678,50,2,0.936994,0.900430,735,554,742,499,meter,0.793000,0.075433,0.187979,0.793000,0.075623,0.186040,0.795000,1
1787399910.549678,50,3,0.948271,0.950218,899,557,900,497,meter,0.812000,0.224701,0.196988,0.812000,0.223871,0.193328,0.809000,1
1787399910.690749,51,1,0.931894,0.922393,737,262,737,210,meter,0.817500,0.059659,-0.099250,0.817500,0.059951,-0.099432,0.819500,1
1787399910.690749,51,2,0.941107,0.897588,735,552,742,499,meter,0.794000,0.075528,0.185572,0.794000,0.075623,0.186040,0.795000,1
1787399910.690749,51,3,0.945296,0.954081,899,559,900,496,meter,0.806000,0.223041,0.197322,0.806000,0.223871,0.193567,0.808000,1
1787399910.8448024,52,1,0.932304,0.928139,737,262,737,210,meter,0.820500,0.059878,-0.099614,0.820500,0.059878,-0.099432,0.819500,1
1787399910.8448024,52,2,0.939572,0.910790,736,552,742,499,meter,0.795000,0.076504,0.185806,0.795000,0.075623,0.186040,0.795000,1
1787399910.8448024,52,3,0.943961,0.955357,899,558,900,496,meter,0.807000,0.223318,0.196671,0.807000,0.223594,0.193806,0.807000,1
1787399911.008868,53,1,0.933096,0.925572,736,262,737,210,meter,0.818500,0.059732,-0.099371,0.818500,0.059878,-0.099371,0.819500,1
1787399911.008868,53,2,0.938321,0.909093,735,552,742,499,meter,0.794000,0.075528,0.186454,0.794000,0.075623,0.186454,0.795000,1
1787399911.008868,53,3,0.944449,0.951896,899,558,900,497,meter,0.808000,0.223594,0.196018,0.808000,0.223594,0.193984,0.807000,1
1787399911.173383,54,1,0.930399,0.922409,737,262,737,210,meter,0.816000,0.060453,-0.099068,0.816000,0.060453,-0.099371,0.819500,1
1787399911.173383,54,2,0.937728,0.911693,735,552,742,499,meter,0.795000,0.075623,0.186688,0.795000,0.075623,0.186454,0.795000,1
1787399911.173383,54,3,0.942169,0.953314,899,557,900,496,meter,0.813000,0.224978,0.196329,0.813000,0.223594,0.195604,0.807000,1
1787399911.332566,55,1,0.930976,0.927642,737,262,737,210,meter,0.820500,0.059878,-0.099614,0.820500,0.060453,-0.099432,0.819500,1
1787399911.332566,55,2,0.939173,0.902637,735,552,742,499,meter,0.794000,0.075528,0.185572,0.794000,0.075623,0.186454,0.795000,1
1787399911.332566,55,3,0.940037,0.948883,899,555,900,497,meter,0.804000,0.222487,0.192371,0.804000,0.223318,0.195604,0.807000,1
1787399911.4736333,56,1,0.930963,0.922347,737,261,737,210,meter,0.819500,0.059805,-0.100402,0.819500,0.060453,-0.099432,0.819500,1
1787399911.4736333,56,2,0.938344,0.914415,735,555,742,499,meter,0.796000,0.075718,0.189573,0.796000,0.075623,0.186454,0.795000,1
1787399911.4736333,56,3,0.944505,0.951276,899,557,900,497,meter,0.808000,0.223594,0.195121,0.808000,0.223594,0.195604,0.807000,1
1787399911.6106758,57,1,0.929347,0.926174,737,262,737,210,meter,0.820000,0.079817,-0.073163,0.820000,0.060638,-0.099432,0.819500,1
1787399911.6106758,57,2,0.938243,0.900454,735,554,742,499,meter,0.792000,0.075338,0.187742,0.792000,0.075528,0.186454,0.794000,1
1787399911.6106758,57,3,0.944856,0.956273,899,556,900,496,meter,0.806000,0.223041,0.193744,0.806000,0.223318,0.195121,0.807000,1
1787399911.752465,58,1,0.932140,0.924276,737,261,737,210,meter,0.821500,0.060860,-0.100647,0.821500,0.060638,-0.099493,0.819500,1
1787399911.752465,58,2,0.938965,0.909242,735,553,742,499,meter,0.793000,0.075433,0.186219,0.793000,0.075528,0.186454,0.794000,1
1787399911.752465,58,3,0.941169,0.951033,899,558,900,497,meter,0.808000,0.223594,0.196915,0.808000,0.223594,0.195604,0.807000,1
1787399911.917251,59,1,0.931181,0.923577,737,262,737,210,meter,0.821500,0.059951,-0.099736,0.821500,0.060638,-0.099493,0.820000,1
1787399911.917251,59,2,0.939682,0.901496,735,553,742,500,meter,0.796000,0.075718,0.187807,0.796000,0.075528,0.186688,0.794000,1
1787399911.917251,59,3,0.945049,0.954378,899,557,901,497,meter,0.809000,0.223871,0.195363,0.809000,0.223594,0.195363,0.807000,1
1787399912.0726442,60,1,0.932878,0.928352,737,262,737,210,meter,0.821000,0.059914,-0.099675,0.821000,0.060453,-0.099554,0.820000,1
1787399912.0726442,60,2,0.937560,0.910202,735,552,742,499,meter,0.798000,0.075909,0.187393,0.798000,0.075623,0.186688,0.795000,1
1787399912.0726442,60,3,0.944138,0.953385,899,559,900,497,meter,0.809000,0.223871,0.198056,0.809000,0.223594,0.195775,0.808000,1
1787399912.210444,61,1,0.930820,0.924354,737,261,737,210,meter,0.818000,0.059695,-0.100219,0.818000,0.059951,-0.099614,0.819500,1
1787399912.210444,61,2,0.937144,0.907949,735,552,742,499,meter,0.795000,0.075623,0.186688,0.795000,0.075623,0.186688,0.795000,1
1787399912.210444,61,3,0.940426,0.947873,899,554,900,496,meter,0.806000,0.223041,0.191955,0.806000,0.223594,0.195775,0.807000,1
1787399912.3473227,62,1,0.933011,0.921552,737,263,737,210,meter,0.817500,0.059659,-0.098343,0.817500,0.059914,-0.099614,0.819500,1
1787399912.3473227,62,2,0.940180,0.909538,735,552,742,499,meter,0.794000,0.075528,0.185572,0.794000,0.075528,0.186688,0.794000,1
1787399912.3473227,62,3,0.941401,0.947265,899,555,900,497,meter,0.807000,0.223318,0.192193,0.807000,0.223594,0.195775,0.807000,1
1787399912.4810064,63,1,0.932645,0.930134,736,262,737,210,meter,0.819500,0.059805,-0.099493,0.819500,0.059878,-0.099614,0.819500,1
1787399912.4810064,63,2,0.939433,0.909119,735,552,742,499,meter,0.794000,0.075528,0.186454,0.794000,0.075528,0.186688,0.794000,1
1787399912.4810064,63,3,0.944999,0.952383,899,556,900,496,meter,0.807000,0.223318,0.193089,0.807000,0.223594,0.195363,0.807000,1
1787399912.6022513,64,1,0.931223,0.922650,737,261,737,210,meter,0.819000,0.060675,-0.100341,0.819000,0.059878,-0.099614,0.819500,1
1787399912.6022513,64,2,0.939065,0.902955,735,553,742,499,meter,0.793000,0.075433,0.187099,0.793000,0.075528,0.186688,0.794000,1
1787399912.6022513,64,3,0.946188,0.954042,899,557,900,497,meter,0.808000,0.223594,0.195121,0.808000,0.223594,0.195363,0.808000,1
1787399912.7409782,65,1,0.933285,0.924685,737,262,737,210,meter,0.817500,0.059659,-0.099250,0.817500,0.059878,-0.099614,0.819500,1
1787399912.7409782,65,2,0.938589,0.897163,735,553,742,499,meter,0.794000,0.075528,0.187335,0.794000,0.075528,0.186688,0.794000,1
1787399912.7409782,65,3,0.944405,0.951480,900,559,900,497,meter,0.812000,0.225600,0.197889,0.812000,0.223594,0.195363,0.808000,1
1787399912.8622384,66,1,0.932475,0.930415,737,261,737,210,meter,0.818000,0.059695,-0.100219,0.818000,0.059878,-0.099614,0.819500,1
1787399912.8622384,66,2,0.942518,0.901635,736,552,742,499,meter,0.794000,0.076407,0.185572,0.794000,0.075528,0.186688,0.794000,1
1787399912.8622384,66,3,0.940445,0.947950,899,555,900,497,meter,0.807000,0.223318,0.192193,0.807000,0.223594,0.195121,0.808000,1
1787399912.9923322,67,1,0.931034,0.923952,736,262,737,210,meter,0.822000,0.059077,-0.099796,0.822000,0.059805,-0.099675,0.819500,1
1787399912.9923322,67,2,0.935242,0.896096,735,553,742,499,meter,0.794000,0.075528,0.187335,0.794000,0.075528,0.186688,0.794000,1
1787399912.9923322,67,3,0.937249,0.952936,899,554,900,496,meter,0.809000,0.223871,0.192669,0.809000,0.223594,0.195121,0.808000,1
1787399913.1327705,68,1,0.930804,0.920090,736,262,737,210,meter,0.818000,0.058789,-0.099311,0.818000,0.059805,-0.099675,0.819500,1
1787399913.1327705,68,2,0.937439,0.904139,735,552,742,499,meter,0.796000,0.075718,0.186923,0.796000,0.075528,0.186923,0.794000,1
1787399913.1327705,68,3,0.945027,0.950497,899,560,900,497,meter,0.810000,0.224148,0.198301,0.810000,0.223594,0.195121,0.808000,1
1787399913.2646186,69,1,0.933510,0.927054,737,261,737,210,meter,0.818000,0.079623,-0.073893,0.818000,0.059805,-0.099675,0.819500,1
1787399913.2646186,69,2,0.936569,0.905139,735,552,742,499,meter,0.792000,0.075338,0.185984,0.792000,0.075528,0.186923,0.794000,1
1787399913.2646186,69,3,0.934330,0.951889,899,554,900,496,meter,0.807000,0.223318,0.191297,0.807000,0.223594,0.193744,0.808000,1
1787399913.3958192,70,1,0.930032,0.920197,737,261,737,210,meter,0.819000,0.079720,-0.073983,0.819000,0.059805,-0.099675,0.819000,1
1787399913.3958192,70,2,0.937169,0.894927,735,552,742,499,meter,0.795000,0.075623,0.186688,0.795000,0.075528,0.186923,0.794000,1
1787399913.3958192,70,3,0.937300,0.955002,899,555,900,496,meter,0.806000,0.223041,0.191955,0.806000,0.223594,0.193744,0.808000,1
1787399913.5348585,71,1,0.928410,0.925497,737,262,737,210,meter,0.820000,0.079817,-0.073163,0.820000,0.059914,-0.099493,0.819000,1
1787399913.5348585,71,2,0.942827,0.911047,735,552,742,499,meter,0.797000,0.075813,0.186274,0.797000,0.075528,0.186688,0.794000,1
1787399913.5348585,71,3,0.942894,0.953158,900,555,900,496,meter,0.806000,0.223933,0.192849,0.806000,0.223594,0.193089,0.807000,1
1787399913.6699162,72,1,0.933221,0.926432,737,262,737,210,meter,0.820000,0.060749,-0.099554,0.820000,0.059914,-0.099554,0.819000,1
1787399913.6699162,72,2,0.938969,0.907677,735,552,742,499,meter,0.795000,0.075623,0.186688,0.795000,0.075623,0.186688,0.794000,1
1787399913.6699162,72,3,0.940071,0.950890,899,558,900,496,meter,0.809000,0.223871,0.197158,0.809000,0.223594,0.193089,0.808000,1
1787399913.8149343,73,1,0.931852,0.923662,736,262,737,210,meter,0.817000,0.059622,-0.099189,0.817000,0.059805,-0.099493,0.819000,1
1787399913.8149343,73,2,0.937878,0.906046,735,553,742,499,meter,0.793000,0.075433,0.187099,0.793000,0.075623,0.186688,0.794000,1
1787399913.8149343,73,3,0.934819,0.951533,899,553,900,497,meter,0.806000,0.223041,0.190166,0.806000,0.223594,0.192849,0.807000,1
1787399913.9372272,74,1,0.930971,0.924099,737,261,737,210,meter,0.817500,0.060564,-0.100157,0.817500,0.059805,-0.099493,0.818000,1
1787399913.9372272,74,2,0.938715,0.907701,735,552,742,499,meter,0.795000,0.075623,0.186688,0.795000,0.075623,0.186688,0.794000,1
1787399913.9372272,74,3,0.927137,0.950586,899,551,900,497,meter,0.809000,0.223871,0.189078,0.809000,0.223594,0.192669,0.807000,1
1787399914.0777464,75,1,0.932611,0.926250,737,261,737,210,meter,0.821000,0.059914,-0.100586,0.821000,0.059805,-0.099493,0.818000,1
1787399914.0777464,75,2,0.937917,0.899146,735,552,742,499,meter,0.795000,0.075623,0.186688,0.795000,0.075623,0.186688,0.794000,1
1787399914.0777464,75,3,0.940368,0.950651,899,555,900,497,meter,0.813000,0.224978,0.194524,0.813000,0.223594,0.192669,0.807000,1
1787399914.2033644,76,1,0.932704,0.922010,737,261,737,210,meter,0.821500,0.059951,-0.100647,0.821500,0.059914,-0.099493,0.819000,1
1787399914.2033644,76,2,0.939060,0.899651,735,553,742,499,meter,0.793000,0.075433,0.187099,0.793000,0.075528,0.186688,0.794000,1
1787399914.2033644,76,3,0.936790,0.950018,899,555,900,496,meter,0.807000,0.223318,0.192193,0.807000,0.223594,0.192669,0.807000,1
1787399914.35116,77,1,0.932780,0.925353,737,261,737,210,meter,0.820500,0.059878,-0.100525,0.820500,0.059914,-0.099554,0.819000,1
1787399914.35116,77,2,0.938879,0.908611,735,552,742,499,meter,0.793000,0.075433,0.185339,0.793000,0.075528,0.186688,0.794000,1
1787399914.35116,77,3,0.929880,0.947311,899,553,900,497,meter,0.805000,0.222764,0.189037,0.805000,0.223594,0.192669,0.807000,1
1787399914.5051703,78,1,0.931612,0.925199,737,262,737,210,meter,0.818500,0.060638,-0.099371,0.818500,0.059951,-0.099554,0.819000,1
1787399914.5051703,78,2,0.937306,0.900799,735,552,742,499,meter,0.793000,0.075433,0.186219,0.793000,0.075528,0.186688,0.794000,1
1787399914.5051703,78,3,0.929890,0.951464,899,553,900,496,meter,0.809000,0.223871,0.190874,0.809000,0.223871,0.192193,0.808000,1
1787399914.6499481,79,1,0.931564,0.926931,736,262,737,210,meter,0.816000,0.059549,-0.099068,0.816000,0.059914,-0.099371,0.818500,1
1787399914.6499481,79,2,0.939773,0.912804,735,552,742,499,meter,0.795000,0.075623,0.186688,0.795000,0.075623,0.186688,0.794000,1
1787399914.6499481,79,3,0.945542,0.951015,899,555,900,497,meter,0.807000,0.223318,0.192193,0.807000,0.223871,0.192193,0.807000,1
1787399914.8530726,80,1,0.929487,0.926328,737,261,737,210,meter,0.822000,0.059987,-0.100709,0.822000,0.059951,-0.099554,0.819000,1
1787399914.8530726,80,2,0.941446,0.906354,735,551,742,499,meter,0.797000,0.075813,0.186274,0.797000,0.075623,0.186688,0.795000,1
1787399914.8530726,80,3,0.941187,0.954918,899,555,900,496,meter,0.809000,0.223871,0.193567,0.809000,0.223871,0.192193,0.807000,1
1787399915.1071742,81,1,0.932460,0.929959,737,262,737,210,meter,0.819000,0.079720,-0.073074,0.819000,0.059987,-0.099371,0.819000,1
1787399915.1071742,81,2,0.936470,0.896836,735,554,742,499,meter,0.795000,0.075623,0.188453,0.795000,0.075623,0.186688,0.795000,1
1787399915.1071742,81,3,0.943277,0.950647,899,555,900,497,meter,0.807000,0.223318,0.193089,0.807000,0.223871,0.192193,0.807000,1
1787399915.3807225,82,1,0.933318,0.928586,737,262,737,210,meter,0.818000,0.060601,-0.099311,0.818000,0.060564,-0.099311,0.819000,1
1787399915.3807225,82,2,0.938894,0.909177,735,552,742,499,meter,0.794000,0.075528,0.186454,0.794000,0.075623,0.186688,0.795000,1
1787399915.3807225,82,3,0.934665,0.953898,899,554,900,496,meter,0.810000,0.224148,0.192907,0.810000,0.223871,0.192193,0.807000,1
1787399915.58413,83,1,0.931988,0.923222,737,262,737,210,meter,0.822000,0.080012,-0.073342,0.822000,0.060601,-0.099311,0.819000,1
1787399915.58413,83,2,0.939453,0.903508,735,552,742,499,meter,0.795000,0.075623,0.186688,0.795000,0.075623,0.186688,0.795000,1
1787399915.58413,83,3,0.937099,0.950810,899,554,900,497,meter,0.809000,0.223871,0.191772,0.809000,0.223871,0.192193,0.807000,1
1787399915.7134688,84,1,0.932272,0.925940,737,261,737,210,meter,0.820500,0.059878,-0.100525,0.820500,0.060564,-0.099371,0.820000,1
1787399915.7134688,84,2,0.940393,0.906345,735,552,742,499,meter,0.795000,0.075623,0.185806,0.795000,0.075623,0.186688,0.795000,1
1787399915.7134688,84,3,0.939065,0.948562,900,556,900,497,meter,0.806000,0.223933,0.193744,0.806000,0.223871,0.192193,0.807000,1
1787399915.8658664,85,1,0.932810,0.923503,737,261,737,210,meter,0.821000,0.079915,-0.074164,0.821000,0.060564,-0.099371,0.820000,1
1787399915.8658664,85,2,0.938910,0.905676,735,552,742,499,meter,0.797000,0.075813,0.187158,0.797000,0.075623,0.186688,0.795000,1
1787399915.8658664,85,3,0.938268,0.952246,899,553,900,496,meter,0.809000,0.223871,0.190874,0.809000,0.223871,0.192193,0.809000,1
1787399916.006091,86,1,0.930337,0.921235,737,263,737,210,meter,0.819500,0.059805,-0.098583,0.819500,0.059987,-0.099371,0.820000,1
1787399916.006091,86,2,0.938201,0.896911,735,552,742,499,meter,0.794000,0.075528,0.186454,0.794000,0.075623,0.186688,0.795000,1
1787399916.006091,86,3,0.941508,0.950165,899,556,900,497,meter,0.806000,0.223041,0.192849,0.806000,0.223871,0.192193,0.809000,1
1787399916.1623468,87,1,0.933404,0.922742,736,262,737,210,meter,0.819000,0.059768,-0.099432,0.819000,0.059951,-0.099371,0.819500,1
1787399916.1623468,87,2,0.935570,0.895987,734,553,742,499,meter,0.795000,0.074743,0.186688,0.795000,0.075623,0.186688,0.795000,1
1787399916.1623468,87,3,0.940922,0.949148,899,557,900,497,meter,0.806000,0.223041,0.194638,0.806000,0.223871,0.192193,0.807000,1
1787399916.3144379,88,1,0.930438,0.921819,737,261,737,210,meter,0.819500,0.060712,-0.100402,0.819500,0.059987,-0.099432,0.819500,1
1787399916.3144379,88,2,0.938011,0.908616,735,553,742,499,meter,0.795000,0.075623,0.187571,0.795000,0.075623,0.186688,0.795000,1
1787399916.3144379,88,3,0.940024,0.949487,899,556,900,496,meter,0.806000,0.223041,0.193744,0.806000,0.223871,0.192849,0.807000,1
1787399916.465096,89,1,0.931943,0.930544,736,262,737,210,meter,0.822500,0.059113,-0.099857,0.822500,0.059951,-0.099432,0.820500,1
1787399916.465096,89,2,0.935849,0.908380,735,553,742,499,meter,0.794000,0.075528,0.187335,0.794000,0.075623,0.186688,0.795000,1
1787399916.465096,89,3,0.941782,0.950491,899,554,900,496,meter,0.808000,0.223594,0.192431,0.808000,0.223594,0.192849,0.807000,1
1787399916.6589625,90,1,0.930943,0.923138,737,262,737,210,meter,0.821000,0.059914,-0.099675,0.821000,0.059951,-0.099432,0.820500,1
1787399916.6589625,90,2,0.937252,0.889013,735,554,742,499,meter,0.792000,0.075338,0.187742,0.792000,0.075528,0.186688,0.795000,1
1787399916.6589625,90,3,0.945970,0.950805,899,557,900,496,meter,0.806000,0.223041,0.194638,0.806000,0.223318,0.192849,0.807000,1
1787399916.8589563,91,1,0.932773,0.925466,737,261,737,210,meter,0.818000,0.060601,-0.100219,0.818000,0.059987,-0.099432,0.819500,1
1787399916.8589563,91,2,0.937443,0.912312,735,553,742,499,meter,0.792000,0.075338,0.186863,0.792000,0.075528,0.186688,0.795000,1
1787399916.8589563,91,3,0.937379,0.949244,899,555,900,497,meter,0.806000,0.223041,0.191955,0.806000,0.223318,0.192849,0.807000,1
1787399917.086912,92,1,0.931424,0.925558,737,262,737,210,meter,0.818500,0.060638,-0.099371,0.818500,0.060601,-0.099371,0.819500,1
1787399917.086912,92,2,0.939143,0.902407,735,553,742,499,meter,0.792000,0.075338,0.186863,0.792000,0.075528,0.186688,0.795000,1
1787399917.086912,92,3,0.942274,0.953069,899,554,900,497,meter,0.809000,0.223871,0.191772,0.809000,0.223594,0.192849,0.807000,1
1787399917.2424176,93,1,0.929818,0.925547,738,261,737,210,meter,0.818000,0.060601,-0.100219,0.818000,0.060601,-0.099432,0.819500,1
1787399917.2424176,93,2,0.938519,0.907134,735,552,742,499,meter,0.795000,0.075623,0.186688,0.795000,0.075623,0.186688,0.795000,1
1787399917.2424176,93,3,0.932365,0.952368,899,553,900,497,meter,0.809000,0.223871,0.191772,0.809000,0.223594,0.192849,0.807000,1
1787399917.3987494,94,1,0.932933,0.927127,737,262,737,210,meter,0.822500,0.060023,-0.099857,0.822500,0.060601,-0.099675,0.819500,1
1787399917.3987494,94,2,0.939876,0.914528,735,552,742,499,meter,0.795000,0.075623,0.186688,0.795000,0.075623,0.186688,0.795000,1
1787399917.3987494,94,3,0.946716,0.950232,899,555,900,497,meter,0.809000,0.223871,0.192669,0.809000,0.223871,0.192849,0.808000,1
1787399917.5386426,95,1,0.931385,0.928060,737,261,737,210,meter,0.819500,0.060712,-0.100402,0.819500,0.060601,-0.099675,0.819500,1
1787399917.5386426,95,2,0.935667,0.905811,735,552,742,499,meter,0.795000,0.075623,0.185806,0.795000,0.075623,0.186688,0.795000,1
1787399917.5386426,95,3,0.941434,0.949132,899,555,900,496,meter,0.810000,0.224148,0.192907,0.810000,0.223871,0.192849,0.808000,1
1787399917.6850717,96,1,0.931337,0.928121,736,262,737,209,meter,0.819000,0.059768,-0.099432,0.819000,0.060601,-0.099675,0.819500,1
1787399917.6850717,96,2,0.941873,0.899746,736,551,742,499,meter,0.795000,0.076504,0.185806,0.795000,0.075623,0.186688,0.795000,1
1787399917.6850717,96,3,0.944770,0.952516,899,557,900,497,meter,0.806000,0.223041,0.194638,0.806000,0.223871,0.192849,0.808000,1
1787399917.8146808,97,1,0.929806,0.917266,737,261,737,210,meter,0.821500,0.059951,-0.100647,0.821500,0.060023,-0.099857,0.819500,1
1787399917.8146808,97,2,0.938128,0.908116,735,552,742,499,meter,0.794000,0.075528,0.186454,0.794000,0.075623,0.186688,0.795000,1
1787399917.8146808,97,3,0.939222,0.953079,899,556,900,497,meter,0.808000,0.223594,0.193328,0.808000,0.223594,0.192849,0.808000,1
1787399917.9635146,98,1,0.928383,0.922579,737,262,737,210,meter,0.819500,0.059805,-0.099493,0.819500,0.059951,-0.099857,0.819500,1
1787399917.9635146,98,2,0.936730,0.907201,735,552,742,499,meter,0.793000,0.075433,0.185339,0.793000,0.075528,0.186688,0.795000,1
1787399917.9635146,98,3,0.943770,0.952836,899,557,900,496,meter,0.811000,0.224425,0.195846,0.811000,0.223594,0.192907,0.808000,1
1787399918.1013093,99,1,0.934719,0.928796,737,261,737,210,meter,0.819000,0.060675,-0.100341,0.819000,0.060023,-0.099857,0.819500,1
1787399918.1013093,99,2,0.938957,0.903954,735,552,742,499,meter,0.793000,0.075433,0.186219,0.793000,0.075528,0.186688,0.794000,1
1787399918.1013093,99,3,0.945473,0.950645,899,559,900,497,meter,0.808000,0.223594,0.196915,0.808000,0.223594,0.192907,0.808000,1
1787399918.229685,100,1,0.933134,0.923483,737,261,737,210,meter,0.820500,0.059878,-0.100525,0.820500,0.059951,-0.099857,0.819500,1
1787399918.229685,100,2,0.940183,0.904785,735,552,742,499,meter,0.794000,0.075528,0.186454,0.794000,0.075528,0.186688,0.794000,1
1787399918.229685,100,3,0.938077,0.950681,899,556,900,496,meter,0.808000,0.223594,0.194225,0.808000,0.223594,0.193328,0.808000,1
1787399918.3777907,101,1,0.931609,0.926677,737,262,737,210,meter,0.821500,0.059951,-0.099736,0.821500,0.059951,-0.099857,0.819500,1
1787399918.3777907,101,2,0.939633,0.901532,735,551,742,499,meter,0.795000,0.075623,0.185806,0.795000,0.075528,0.186688,0.794000,1
1787399918.3777907,101,3,0.942605,0.952890,899,557,900,497,meter,0.806000,0.223041,0.194638,0.806000,0.223594,0.193744,0.808000,1
1787399918.5217872,102,1,0.931825,0.923238,737,262,737,210,meter,0.818500,0.059732,-0.099371,0.818500,0.059951,-0.099857,0.819500,1
1787399918.5217872,102,2,0.937824,0.908676,735,552,742,499,meter,0.795000,0.075623,0.185806,0.795000,0.075528,0.186454,0.794000,1
1787399918.5217872,102,3,0.940104,0.950588,899,555,900,497,meter,0.807000,0.223318,0.193089,0.807000,0.223594,0.193328,0.808000,1
1787399918.6645868,103,1,0.932505,0.923232,737,261,737,210,meter,0.821000,0.059914,-0.100586,0.821000,0.059951,-0.099857,0.819500,1
1787399918.6645868,103,2,0.941025,0.904657,735,551,742,499,meter,0.793000,0.075433,0.184459,0.793000,0.075528,0.186454,0.794000,1
1787399918.6645868,103,3,0.938120,0.951060,899,554,900,496,meter,0.808000,0.223594,0.191534,0.808000,0.223594,0.193089,0.808000,1
1787399918.795367,104,1,0.933981,0.922518,737,261,737,210,meter,0.819000,0.059768,-0.100341,0.819000,0.059951,-0.100219,0.819500,1
1787399918.795367,104,2,0.937965,0.898883,735,552,742,499,meter,0.793000,0.075433,0.186219,0.793000,0.075528,0.186219,0.794000,1
1787399918.795367,104,3,0.934720,0.949188,899,554,900,497,meter,0.810000,0.224148,0.192907,0.810000,0.223594,0.193089,0.808000,1
1787399918.9362264,105,1,0.927871,0.921086,738,261,737,210,meter,0.815500,0.060416,-0.099912,0.815500,0.059951,-0.100219,0.819000,1
1787399918.9362264,105,2,0.938080,0.910240,735,553,742,499,meter,0.797000,0.075813,0.187158,0.797000,0.075528,0.186219,0.794000,1
1787399918.9362264,105,3,0.940610,0.949624,899,558,900,497,meter,0.811000,0.224425,0.196746,0.811000,0.223594,0.193089,0.808000,1
1787399919.0697014,106,1,0.934230,0.920662,736,262,737,210,meter,0.816500,0.058681,-0.099129,0.816500,0.059951,-0.099912,0.819000,1
1787399919.0697014,106,2,0.935409,0.899846,735,552,742,499,meter,0.794000,0.075528,0.185572,0.794000,0.075528,0.186219,0.794000,1
1787399919.0697014,106,3,0.943048,0.952873,899,554,900,496,meter,0.806000,0.223041,0.191060,0.806000,0.223594,0.193089,0.808000,1
1787399919.2227747,107,1,0.932148,0.925148,737,261,737,210,meter,0.816000,0.059549,-0.099974,0.816000,0.059914,-0.099974,0.819000,1
1787399919.2227747,107,2,0.939351,0.908291,736,553,742,499,meter,0.797000,0.076696,0.188042,0.797000,0.075623,0.186219,0.795000,1
1787399919.2227747,107,3,0.939956,0.949503,899,555,900,497,meter,0.811000,0.224425,0.193146,0.811000,0.223594,0.193146,0.808000,1
1787399919.3754086,108,1,0.932180,0.930098,737,262,737,210,meter,0.820500,0.059878,-0.099614,0.820500,0.059878,-0.099912,0.819500,1
1787399919.3754086,108,2,0.939348,0.902498,735,554,742,499,meter,0.793000,0.075433,0.187979,0.793000,0.075528,0.186219,0.794000,1
1787399919.3754086,108,3,0.946579,0.949620,899,555,900,497,meter,0.806000,0.223041,0.192849,0.806000,0.223594,0.193146,0.808000,1
1787399919.5136647,109,1,0.932604,0.926863,737,262,737,210,meter,0.818000,0.059695,-0.099311,0.818000,0.059878,-0.099912,0.819000,1
1787399919.5136647,109,2,0.937992,0.907272,735,552,742,499,meter,0.795000,0.075623,0.185806,0.795000,0.075528,0.185806,0.794000,1
1787399919.5136647,109,3,0.944042,0.950051,899,559,900,496,meter,0.809000,0.223871,0.197158,0.809000,0.223594,0.193328,0.808000,1
1787399919.668394,110,1,0.934269,0.922003,736,261,737,210,meter,0.819500,0.059805,-0.100402,0.819500,0.059805,-0.099912,0.819000,1
1787399919.668394,110,2,0.937960,0.901592,735,553,742,499,meter,0.794000,0.075528,0.186454,0.794000,0.075528,0.186219,0.794000,1
1787399919.668394,110,3,0.939988,0.953312,899,557,900,496,meter,0.808000,0.223594,0.195121,0.808000,0.223594,0.194225,0.808000,1
1787399919.8139296,111,1,0.933855,0.926263,736,262,737,210,meter,0.820500,0.059878,-0.099614,0.820500,0.059878,-0.099912,0.819500,1
1787399919.8139296,111,2,0.936439,0.888929,734,553,742,499,meter,0.792000,0.074461,0.185984,0.792000,0.075528,0.186219,0.794000,1
1787399919.8139296,111,3,0.934163,0.949434,899,553,900,496,meter,0.811000,0.224425,0.191346,0.811000,0.223594,0.193328,0.808000,1
1787399919.9597573,112,1,0.930954,0.922624,737,262,737,210,meter,0.818500,0.059732,-0.099371,0.818500,0.059805,-0.099736,0.819000,1
1787399919.9597573,112,2,0.939691,0.901854,735,552,742,499,meter,0.795000,0.075623,0.186688,0.795000,0.075528,0.186219,0.794000,1
1787399919.9597573,112,3,0.936823,0.948102,899,552,900,497,meter,0.813000,0.224978,0.190915,0.813000,0.223594,0.193146,0.808000,1
1787399920.0954826,113,1,0.929375,0.922356,736,262,737,210,meter,0.821000,0.059914,-0.099675,0.821000,0.059878,-0.099736,0.819000,1
1787399920.0954826,113,2,0.938719,0.908871,735,552,742,499,meter,0.798000,0.075909,0.186507,0.798000,0.075528,0.186219,0.794000,1
1787399920.0954826,113,3,0.937737,0.952809,899,556,900,496,meter,0.811000,0.224425,0.195846,0.811000,0.223594,0.193146,0.808000,1
1787399920.2432709,114,1,0.931533,0.920876,737,263,737,210,meter,0.821000,0.059914,-0.098764,0.821000,0.059878,-0.099675,0.819500,1
1787399920.2432709,114,2,0.938963,0.901715,735,551,742,499,meter,0.797000,0.075813,0.185389,0.797000,0.075623,0.186219,0.795000,1
1787399920.2432709,114,3,0.936452,0.950882,899,555,900,497,meter,0.808000,0.223594,0.193328,0.808000,0.223594,0.193146,0.808000,1
1787399920.3761613,115,1,0.932605,0.922466,736,262,737,210,meter,0.821000,0.079006,-0.073253,0.821000,0.059878,-0.099614,0.819500,1
1787399920.3761613,115,2,0.940289,0.905941,735,551,742,499,meter,0.794000,0.075528,0.185572,0.794000,0.075623,0.185984,0.795000,1
1787399920.3761613,115,3,0.940156,0.953493,899,554,900,497,meter,0.807000,0.223318,0.192193,0.807000,0.223594,0.193089,0.808000,1
1787399920.5263762,116,1,0.931137,0.924074,736,262,737,210,meter,0.819000,0.078813,-0.073074,0.819000,0.059878,-0.099614,0.819000,1
1787399920.5263762,116,2,0.936203,0.910989,735,552,742,499,meter,0.794000,0.075528,0.185572,0.794000,0.075528,0.185984,0.794000,1
1787399920.5263762,116,3,0.936369,0.949710,899,555,900,496,meter,0.807000,0.223318,0.192193,0.807000,0.223594,0.192907,0.808000,1
1787399920.7028496,117,1,0.931079,0.925945,737,262,737,210,meter,0.818500,0.059732,-0.099371,0.818500,0.059878,-0.099614,0.819000,1
1787399920.7028496,117,2,0.938010,0.908565,735,552,742,499,meter,0.793000,0.075433,0.186219,0.793000,0.075528,0.186219,0.794000,1
1787399920.7028496,117,3,0.940669,0.946013,899,556,900,497,meter,0.811000,0.224425,0.194946,0.811000,0.223871,0.192907,0.809000,1
1787399920.8540273,118,1,0.933019,0.924052,737,261,737,210,meter,0.821000,0.059914,-0.100586,0.821000,0.059878,-0.099614,0.819000,1
1787399920.8540273,118,2,0.938718,0.899126,735,552,742,499,meter,0.794000,0.075528,0.186454,0.794000,0.075528,0.186219,0.794000,1
1787399920.8540273,118,3,0.944690,0.953233,899,557,900,496,meter,0.807000,0.223318,0.194880,0.807000,0.223871,0.193146,0.809000,1
1787399920.992331,119,1,0.932031,0.925517,737,261,737,210,meter,0.817500,0.059659,-0.100157,0.817500,0.059878,-0.099614,0.819000,1
1787399920.992331,119,2,0.937881,0.902942,735,552,742,499,meter,0.794000,0.075528,0.185572,0.794000,0.075528,0.186219,0.794000,1
1787399920.992331,119,3,0.941982,0.952766,899,556,900,496,meter,0.812000,0.224701,0.194285,0.812000,0.223871,0.193328,0.809000,1
1787399921.1267257,120,1,0.931332,0.920606,737,262,737,210,meter,0.820500,0.060786,-0.099614,0.820500,0.059878,-0.099614,0.819500,1
1787399921.1267257,120,2,0.938229,0.899495,735,552,742,499,meter,0.795000,0.075623,0.186688,0.795000,0.075528,0.186219,0.794000,1
1787399921.1267257,120,3,0.934161,0.952926,899,553,900,497,meter,0.807000,0.223318,0.190402,0.807000,0.223594,0.193146,0.808000,1
1787399921.27197,121,1,0.928963,0.923221,737,261,737,210,meter,0.821000,0.079915,-0.074164,0.821000,0.059878,-0.099614,0.820500,1
1787399921.27197,121,2,0.939119,0.903266,735,551,742,499,meter,0.795000,0.075623,0.184924,0.795000,0.075528,0.186219,0.794000,1
1787399921.27197,121,3,0.940922,0.949539,899,553,900,497,meter,0.808000,0.223594,0.190638,0.808000,0.223594,0.193146,0.808000,1
1787399921.4065127,122,1,0.932614,0.928308,737,262,737,210,meter,0.822000,0.080012,-0.074254,0.822000,0.059914,-0.099371,0.820500,1
1787399921.4065127,122,2,0.938823,0.902400,735,552,742,499,meter,0.795000,0.075623,0.185806,0.795000,0.075528,0.185984,0.794000,1
1787399921.4065127,122,3,0.943614,0.954287,899,557,900,496,meter,0.812000,0.224701,0.196087,0.812000,0.223594,0.193328,0.808000,1
1787399921.5520291,123,1,0.933173,0.921483,736,262,737,210,meter,0.820500,0.059878,-0.099614,0.820500,0.059914,-0.099371,0.820500,1
1787399921.5520291,123,2,0.935657,0.902864,735,554,742,499,meter,0.793000,0.075433,0.187979,0.793000,0.075528,0.185984,0.794000,1
1787399921.5520291,123,3,0.943107,0.949701,899,557,900,497,meter,0.806000,0.223041,0.194638,0.806000,0.223594,0.194285,0.808000,1
1787399921.7201557,124,1,0.931655,0.928984,737,262,737,210,meter,0.818500,0.060638,-0.099371,0.818500,0.059914,-0.099371,0.820500,1
1787399921.7201557,124,2,0.939492,0.900032,735,553,742,499,meter,0.794000,0.075528,0.188216,0.794000,0.075528,0.186219,0.794000,1
1787399921.7201557,124,3,0.940549,0.955153,899,554,900,496,meter,0.808000,0.223594,0.192431,0.808000,0.223594,0.193328,0.808000,1
1787399921.8850565,125,1,0.931547,0.919434,737,261,737,210,meter,0.821000,0.059914,-0.100586,0.821000,0.059914,-0.099371,0.820500,1
1787399921.8850565,125,2,0.941830,0.900896,735,552,742,499,meter,0.795000,0.075623,0.185806,0.795000,0.075528,0.185984,0.794000,1
1787399921.8850565,125,3,0.936693,0.952463,899,553,900,497,meter,0.807000,0.223318,0.190402,0.807000,0.223594,0.192431,0.808000,1
1787399922.0416114,126,1,0.932320,0.922140,736,263,737,210,meter,0.820000,0.059841,-0.098644,0.820000,0.059914,-0.099371,0.820500,1
1787399922.0416114,126,2,0.940558,0.911032,735,552,742,499,meter,0.794000,0.075528,0.185572,0.794000,0.075528,0.185806,0.794000,1
1787399922.0416114,126,3,0.937694,0.953182,899,554,900,496,meter,0.807000,0.223318,0.192193,0.807000,0.223594,0.192431,0.808000,1
1787399922.203253,127,1,0.930870,0.924013,737,261,737,210,meter,0.822500,0.060934,-0.100770,0.822500,0.059914,-0.099371,0.821000,1
1787399922.203253,127,2,0.936605,0.903625,735,554,742,499,meter,0.795000,0.075623,0.188453,0.795000,0.075528,0.185806,0.794000,1
1787399922.203253,127,3,0.944431,0.951585,899,555,900,497,meter,0.810000,0.224148,0.192907,0.810000,0.223594,0.192907,0.808000,1
1787399922.3593478,128,1,0.932676,0.923270,737,261,737,210,meter,0.817000,0.060527,-0.100096,0.817000,0.060527,-0.099371,0.820500,1
1787399922.3593478,128,2,0.935386,0.896603,735,555,742,499,meter,0.792000,0.075338,0.189500,0.792000,0.075528,0.185806,0.794000,1
1787399922.3593478,128,3,0.946370,0.945729,899,557,900,497,meter,0.810000,0.224148,0.195604,0.810000,0.223594,0.192907,0.808000,1
1787399922.5079472,129,1,0.931365,0.923155,736,262,737,210,meter,0.821500,0.059041,-0.099736,0.821500,0.060527,-0.099614,0.820500,1
1787399922.5079472,129,2,0.936425,0.905439,735,552,742,499,meter,0.794000,0.075528,0.186454,0.794000,0.075528,0.186219,0.794000,1
1787399922.5079472,129,3,0.942862,0.953463,899,556,900,497,meter,0.806000,0.223041,0.193744,0.806000,0.223318,0.192907,0.807000,1
1787399922.6618245,130,1,0.929719,0.929476,736,262,737,210,meter,0.819000,0.058861,-0.099432,0.819000,0.059914,-0.099614,0.820500,1
1787399922.6618245,130,2,0.939089,0.903774,735,553,742,499,meter,0.796000,0.075718,0.187807,0.796000,0.075528,0.186454,0.794000,1
1787399922.6618245,130,3,0.931622,0.949020,899,555,900,497,meter,0.807000,0.223318,0.192193,0.807000,0.223318,0.192907,0.807000,1
1787399922.8042037,131,1,0.931688,0.924478,737,261,737,210,meter,0.818000,0.059695,-0.100219,0.818000,0.059914,-0.099614,0.820500,1
1787399922.8042037,131,2,0.939698,0.898068,735,552,742,499,meter,0.794000,0.075528,0.185572,0.794000,0.075528,0.186454,0.794000,1
1787399922.8042037,131,3,0.939675,0.954333,899,557,900,496,meter,0.809000,0.223871,0.195363,0.809000,0.223594,0.193744,0.808000,1
1787399922.948852,132,1,0.930889,0.927070,737,261,737,210,meter,0.816000,0.059549,-0.099974,0.816000,0.059914,-0.099736,0.820500,1
1787399922.948852,132,2,0.939052,0.899193,735,552,742,499,meter,0.794000,0.075528,0.185572,0.794000,0.075528,0.186454,0.794000,1
1787399922.948852,132,3,0.942640,0.954581,899,558,900,496,meter,0.812000,0.224701,0.196988,0.812000,0.223594,0.193744,0.808000,1
1787399923.0950482,133,1,0.933232,0.924013,737,261,737,210,meter,0.818000,0.059695,-0.100219,0.818000,0.059878,-0.099736,0.820000,1
1787399923.0950482,133,2,0.938039,0.911334,735,553,742,499,meter,0.794000,0.075528,0.187335,0.794000,0.075528,0.186454,0.794000,1
1787399923.0950482,133,3,0.942908,0.948641,899,554,900,496,meter,0.807000,0.223318,0.191297,0.807000,0.223594,0.192907,0.808000,1
1787399923.2457926,134,1,0.932550,0.929248,736,262,737,210,meter,0.820000,0.059841,-0.099554,0.820000,0.059878,-0.099614,0.820000,1
1787399923.2457926,134,2,0.940684,0.903870,735,552,742,499,meter,0.795000,0.075623,0.185806,0.795000,0.075528,0.186454,0.794000,1
1787399923.2457926,134,3,0.938642,0.948453,899,554,900,496,meter,0.811000,0.224425,0.192246,0.811000,0.223594,0.192431,0.808000,1
1787399923.4348729,135,1,0.931556,0.923469,737,261,737,210,meter,0.821000,0.059914,-0.100586,0.821000,0.059878,-0.099736,0.820000,1
1787399923.4348729,135,2,0.939487,0.898635,734,551,742,499,meter,0.794000,0.074649,0.185572,0.794000,0.075528,0.185806,0.794000,1
1787399923.4348729,135,3,0.945604,0.949342,899,556,900,497,meter,0.810000,0.224148,0.194705,0.810000,0.223594,0.192907,0.808000,1
1787399923.6010544,136,1,0.933636,0.920851,737,261,737,210,meter,0.822000,0.060897,-0.100709,0.822000,0.059878,-0.099974,0.820000,1
1787399923.6010544,136,2,0.939569,0.909563,735,551,742,499,meter,0.793000,0.075433,0.185339,0.793000,0.075528,0.185806,0.794000,1
1787399923.6010544,136,3,0.943035,0.952324,899,556,900,497,meter,0.806000,0.223041,0.192849,0.806000,0.223594,0.192907,0.808000,1
1787399923.7441626,137,1,0.933507,0.925519,737,262,737,210,meter,0.821000,0.059914,-0.099675,0.821000,0.059878,-0.099974,0.820000,1
1787399923.7441626,137,2,0.940151,0.904574,736,551,742,499,meter,0.795000,0.076504,0.184924,0.795000,0.075528,0.185806,0.794000,1
1787399923.7441626,137,3,0.940452,0.949481,899,557,900,497,meter,0.810000,0.224148,0.195604,0.810000,0.223594,0.192907,0.808000,1
1787399923.9077616,138,1,0.930721,0.925648,737,262,737,210,meter,0.818500,0.060638,-0.099371,0.818500,0.059914,-0.099974,0.820000,1
1787399923.9077616,138,2,0.939515,0.909572,735,552,742,499,meter,0.795000,0.075623,0.185806,0.795000,0.075528,0.185806,0.794000,1
1787399923.9077616,138,3,0.941280,0.948360,899,554,900,496,meter,0.811000,0.224425,0.192246,0.811000,0.223871,0.192849,0.809000,1
1787399924.1125662,139,1,0.931639,0.923034,737,262,737,210,meter,0.821500,0.059951,-0.099736,0.821500,0.059914,-0.099974,0.820000,1
1787399924.1125662,139,2,0.938986,0.903793,735,553,742,499,meter,0.793000,0.075433,0.187099,0.793000,0.075528,0.185806,0.794000,1
1787399924.1125662,139,3,0.946308,0.950224,899,556,900,497,meter,0.806000,0.223041,0.193744,0.806000,0.223871,0.192907,0.809000,1
1787399924.3005087,140,1,0.933725,0.923802,737,262,737,210,meter,0.819500,0.060712,-0.099493,0.819500,0.059914,-0.099736,0.820000,1
1787399924.3005087,140,2,0.937681,0.912814,735,553,742,499,meter,0.795000,0.075623,0.186688,0.795000,0.075528,0.185806,0.794000,1
1787399924.3005087,140,3,0.941325,0.953387,899,556,900,496,meter,0.807000,0.223318,0.193984,0.807000,0.223871,0.193744,0.809000,1
1787399924.4944606,141,1,0.932909,0.921933,736,262,737,210,meter,0.824000,0.060133,-0.100039,0.824000,0.059914,-0.099974,0.820000,1
1787399924.4944606,141,2,0.939648,0.903903,736,552,742,499,meter,0.795000,0.076504,0.186688,0.795000,0.075528,0.186454,0.794000,1
1787399924.4944606,141,3,0.937719,0.952688,899,555,900,497,meter,0.809000,0.223871,0.193567,0.809000,0.223871,0.193744,0.809000,1
1787399924.7356288,142,1,0.930497,0.923822,737,261,737,210,meter,0.821500,0.060860,-0.100647,0.821500,0.059914,-0.099974,0.820000,1
1787399924.7356288,142,2,0.939247,0.906689,735,552,742,499,meter,0.796000,0.075718,0.186923,0.796000,0.075528,0.186454,0.794000,1
1787399924.7356288,142,3,0.945463,0.952104,899,556,900,497,meter,0.809000,0.223871,0.194465,0.809000,0.223871,0.193744,0.809000,1
1787399924.9348898,143,1,0.931311,0.925553,737,262,737,210,meter,0.820000,0.079817,-0.073163,0.820000,0.059914,-0.099736,0.820000,1
1787399924.9348898,143,2,0.935147,0.906770,735,553,741,499,meter,0.795000,0.075623,0.186688,0.795000,0.075623,0.186454,0.795000,1
1787399924.9348898,143,3,0.944288,0.953828,899,557,900,497,meter,0.807000,0.223318,0.194880,0.807000,0.223871,0.193744,0.809000,1
1787399925.1304498,144,1,0.929646,0.922053,737,261,737,210,meter,0.821000,0.079915,-0.074164,0.821000,0.059951,-0.099736,0.820000,1
1787399925.1304498,144,2,0.938777,0.912292,735,552,742,499,meter,0.795000,0.075623,0.186688,0.795000,0.075623,0.186688,0.795000,1
1787399925.1304498,144,3,0.940512,0.950245,899,557,900,496,meter,0.809000,0.223871,0.195363,0.809000,0.223871,0.193984,0.809000,1
1787399925.280249,145,1,0.932478,0.921105,736,261,737,210,meter,0.822000,0.059077,-0.100709,0.822000,0.059951,-0.099974,0.821000,1
1787399925.280249,145,2,0.939751,0.900250,735,553,742,499,meter,0.797000,0.075813,0.188042,0.797000,0.075623,0.186688,0.795000,1
1787399925.280249,145,3,0.942986,0.950015,899,558,900,497,meter,0.807000,0.223318,0.195775,0.807000,0.223871,0.194465,0.809000,1
1787399925.4541113,146,1,0.931408,0.924922,737,261,737,210,meter,0.821500,0.059951,-0.100647,0.821500,0.059951,-0.099974,0.821000,1
1787399925.4541113,146,2,0.940670,0.906075,735,552,742,499,meter,0.797000,0.075813,0.186274,0.797000,0.075623,0.186688,0.795000,1
1787399925.4541113,146,3,0.941651,0.955121,899,553,900,496,meter,0.808000,0.223594,0.190638,0.808000,0.223871,0.193984,0.809000,1
