frame_index,timestamp_second,image_name,status,blur,std
0,0.000,full_frame_000000.jpg,saved,205.1912,60.3493
30,1.000,full_frame_000030.jpg,saved,197.9868,60.1471
60,1.999,full_frame_000060.jpg,saved,204.9091,60.0832
90,2.999,full_frame_000090.jpg,saved,182.6161,59.2983
120,3.999,full_frame_000120.jpg,saved,186.2262,59.8212
150,4.998,full_frame_000150.jpg,saved,198.7013,61.3644
180,5.998,full_frame_000180.jpg,saved,159.0100,60.7157
210,6.997,full_frame_000210.jpg,saved,191.5330,60.9442
240,7.997,full_frame_000240.jpg,saved,163.1063,60.9963
270,8.997,full_frame_000270.jpg,saved,171.2157,58.7795
300,9.996,full_frame_000300.jpg,saved,220.4172,59.9521
330,10.996,full_frame_000330.jpg,saved,209.9136,60.8652
360,11.996,full_frame_000360.jpg,saved,166.3413,60.6151
390,12.995,full_frame_000390.jpg,saved,227.3366,61.6668
420,13.995,full_frame_000420.jpg,saved,184.3607,62.1325
450,14.995,full_frame_000450.jpg,saved,95.2259,61.4806
480,15.994,full_frame_000480.jpg,saved,190.7296,63.2066
510,16.994,full_frame_000510.jpg,saved,178.5892,64.0579
540,17.993,full_frame_000540.jpg,saved,172.7222,63.0805
570,18.993,full_frame_000570.jpg,saved,112.1412,63.7545
600,19.993,full_frame_000600.jpg,saved,166.4427,61.8535
630,20.992,full_frame_000630.jpg,saved,99.2299,58.1105
660,21.992,full_frame_000660.jpg,saved,133.2690,62.0571
690,22.992,full_frame_000690.jpg,saved,115.3181,61.0983
720,23.991,full_frame_000720.jpg,saved,74.0532,61.0075
750,24.991,full_frame_000750.jpg,saved,84.6277,58.1198
780,25.991,full_frame_000780.jpg,saved,102.3449,59.0155
810,26.990,full_frame_000810.jpg,saved,114.9886,56.7078
840,27.990,full_frame_000840.jpg,saved,103.6204,56.7366
870,28.989,full_frame_000870.jpg,saved,88.2373,56.9956
900,29.989,full_frame_000900.jpg,saved,95.0206,58.2272
930,30.989,full_frame_000930.jpg,saved,102.3495,59.4672
960,31.988,full_frame_000960.jpg,saved,191.4992,62.2235
990,32.988,full_frame_000990.jpg,saved,88.5306,59.1614
1020,33.988,full_frame_001020.jpg,saved,170.2642,56.2344
1050,34.987,full_frame_001050.jpg,saved,137.3457,55.6765
1080,35.987,full_frame_001080.jpg,saved,93.0954,59.5125
1110,36.987,full_frame_001110.jpg,saved,129.2540,58.8216
1140,37.986,full_frame_001140.jpg,saved,82.7317,57.0939
1170,38.986,full_frame_001170.jpg,saved,80.5467,57.1435
1200,39.986,full_frame_001200.jpg,saved,22.2389,55.6862
1230,40.985,full_frame_001230.jpg,saved,111.8670,61.2365
1260,41.985,full_frame_001260.jpg,saved,90.5408,62.3248
1290,42.984,full_frame_001290.jpg,saved,83.8451,65.3389
1320,43.984,full_frame_001320.jpg,saved,49.9114,65.0116
1350,44.984,full_frame_001350.jpg,saved,62.3353,62.7436
1380,45.983,full_frame_001380.jpg,saved,62.2247,59.4367
1410,46.983,full_frame_001410.jpg,saved,74.4307,60.1861
1440,47.983,full_frame_001440.jpg,saved,106.4393,63.8443
1470,48.982,full_frame_001470.jpg,saved,141.9571,63.3295
1500,49.982,full_frame_001500.jpg,saved,80.8289,64.3232
1530,50.982,full_frame_001530.jpg,saved,105.3411,59.5673
1560,51.981,full_frame_001560.jpg,saved,102.3600,62.3721
1590,52.981,full_frame_001590.jpg,saved,100.5329,59.5783
1620,53.980,full_frame_001620.jpg,saved,101.9022,58.7484
1650,54.980,full_frame_001650.jpg,saved,120.7117,61.0701
1680,55.980,full_frame_001680.jpg,saved,143.8809,66.1058
1710,56.979,full_frame_001710.jpg,saved,146.8549,66.2533
1740,57.979,full_frame_001740.jpg,saved,123.3003,64.5830
1770,58.979,full_frame_001770.jpg,saved,150.7826,58.5858
1800,59.978,full_frame_001800.jpg,saved,170.2261,56.9486
1830,60.978,full_frame_001830.jpg,saved,111.9399,56.1060
1860,61.978,full_frame_001860.jpg,saved,132.4697,57.5223
1890,62.977,full_frame_001890.jpg,saved,189.8007,56.3735
1920,63.977,full_frame_001920.jpg,saved,205.1187,60.0222
1950,64.976,full_frame_001950.jpg,saved,219.1816,62.1552
1980,65.976,full_frame_001980.jpg,saved,74.6669,60.3698
2010,66.976,full_frame_002010.jpg,saved,166.4617,58.7163
2040,67.975,full_frame_002040.jpg,saved,144.3243,56.5201
2070,68.975,full_frame_002070.jpg,saved,23.2833,51.2216
2100,69.975,full_frame_002100.jpg,saved,43.6214,49.3043
2130,70.974,full_frame_002130.jpg,saved,41.5237,48.2812
2160,71.974,full_frame_002160.jpg,saved,38.2288,54.8803
2190,72.974,full_frame_002190.jpg,saved,90.7859,54.0611
2220,73.973,full_frame_002220.jpg,saved,39.8770,54.7616
2250,74.973,full_frame_002250.jpg,saved,83.6542,56.2086
2280,75.972,full_frame_002280.jpg,saved,83.0577,55.7447
2310,76.972,full_frame_002310.jpg,saved,130.4936,56.2438
2340,77.972,full_frame_002340.jpg,saved,99.1830,54.7547
2370,78.971,full_frame_002370.jpg,saved,94.2332,53.4705
2400,79.971,full_frame_002400.jpg,saved,39.3936,52.0293
2430,80.971,full_frame_002430.jpg,saved,28.0294,51.1752
2460,81.970,full_frame_002460.jpg,saved,42.6763,51.8000
2490,82.970,,skipped_low_quality,9.0899,44.7783
2520,83.970,full_frame_002520.jpg,saved,39.4006,51.6050
2550,84.969,,skipped_low_quality,15.5546,57.8836
2580,85.969,full_frame_002580.jpg,saved,60.1782,61.0245
2610,86.968,full_frame_002610.jpg,saved,123.9066,56.5019
2640,87.968,full_frame_002640.jpg,saved,127.5594,58.7792
2670,88.968,full_frame_002670.jpg,saved,61.7348,60.7789
2700,89.967,full_frame_002700.jpg,saved,48.5760,59.4626
2730,90.967,full_frame_002730.jpg,saved,116.8613,60.6019
2760,91.967,full_frame_002760.jpg,saved,184.6538,61.3945
2790,92.966,full_frame_002790.jpg,saved,122.4010,64.7321
2820,93.966,full_frame_002820.jpg,saved,99.1483,59.8109
2850,94.966,full_frame_002850.jpg,saved,46.3152,59.3792
2880,95.965,full_frame_002880.jpg,saved,30.8999,57.1031
2910,96.965,full_frame_002910.jpg,saved,153.8782,59.7658
2940,97.964,full_frame_002940.jpg,saved,97.3537,61.2822
2970,98.964,full_frame_002970.jpg,saved,55.7323,68.7338
3000,99.964,full_frame_003000.jpg,saved,111.4552,64.7817
3030,100.963,full_frame_003030.jpg,saved,68.8723,59.7708
3060,101.963,full_frame_003060.jpg,saved,76.5848,63.4430
3090,102.963,full_frame_003090.jpg,saved,183.4017,60.0569
3120,103.962,full_frame_003120.jpg,saved,115.3651,59.3866
3150,104.962,full_frame_003150.jpg,saved,73.2142,62.2129
3180,105.962,full_frame_003180.jpg,saved,145.2721,61.7799
3210,106.961,full_frame_003210.jpg,saved,145.1588,62.4022
3240,107.961,full_frame_003240.jpg,saved,146.1702,62.5300
3270,108.961,full_frame_003270.jpg,saved,139.6071,62.6587
3300,109.960,full_frame_003300.jpg,saved,123.7203,63.5243
3330,110.960,full_frame_003330.jpg,saved,151.2576,63.0525
3360,111.959,full_frame_003360.jpg,saved,59.4521,59.9294
3390,112.959,full_frame_003390.jpg,saved,51.7259,62.8382
3420,113.959,full_frame_003420.jpg,saved,90.9288,62.0192
3450,114.958,full_frame_003450.jpg,saved,100.3999,63.1243
3480,115.958,full_frame_003480.jpg,saved,169.7323,63.2794
3510,116.958,full_frame_003510.jpg,saved,100.5035,60.7917
3540,117.957,full_frame_003540.jpg,saved,105.4104,60.4017
3570,118.957,full_frame_003570.jpg,saved,70.2887,58.3091
3600,119.957,,skipped_low_quality,19.8637,49.2593
3630,120.956,full_frame_003630.jpg,saved,39.9011,55.2525
3660,121.956,full_frame_003660.jpg,saved,45.1971,50.5713
3690,122.955,full_frame_003690.jpg,saved,55.5869,50.9500
3720,123.955,full_frame_003720.jpg,saved,89.0976,55.5194
3750,124.955,full_frame_003750.jpg,saved,115.4066,54.0645
3780,125.954,full_frame_003780.jpg,saved,130.1145,52.2841
3810,126.954,full_frame_003810.jpg,saved,119.4545,56.6535
3840,127.954,full_frame_003840.jpg,saved,52.1001,56.4362
3870,128.953,full_frame_003870.jpg,saved,118.4689,52.1014
3900,129.953,full_frame_003900.jpg,saved,75.9185,52.1545
3930,130.953,full_frame_003930.jpg,saved,196.7467,64.4296
3960,131.952,full_frame_003960.jpg,saved,112.3428,63.3769
3990,132.952,full_frame_003990.jpg,saved,99.8688,63.6576
4020,133.951,full_frame_004020.jpg,saved,90.8815,62.3152
4050,134.951,full_frame_004050.jpg,saved,126.3139,58.4989
4080,135.951,full_frame_004080.jpg,saved,55.2326,59.2940
4110,136.950,full_frame_004110.jpg,saved,113.2218,61.0385
4140,137.950,full_frame_004140.jpg,saved,133.1567,61.0827
4170,138.950,full_frame_004170.jpg,saved,137.5865,62.6882
4200,139.949,full_frame_004200.jpg,saved,87.1563,61.0061
4230,140.949,full_frame_004230.jpg,saved,51.2511,63.0592
4260,141.949,full_frame_004260.jpg,saved,88.7273,61.0111
4290,142.948,full_frame_004290.jpg,saved,74.7625,58.8609
4320,143.948,full_frame_004320.jpg,saved,124.4965,60.3929
4350,144.947,full_frame_004350.jpg,saved,124.9015,60.1428
4380,145.947,full_frame_004380.jpg,saved,166.3966,59.7806
4410,146.947,full_frame_004410.jpg,saved,126.4323,61.5947
4440,147.946,full_frame_004440.jpg,saved,92.4603,63.5358
4470,148.946,full_frame_004470.jpg,saved,57.5370,55.9586
4500,149.946,,skipped_low_quality,17.7126,50.9786
4530,150.945,full_frame_004530.jpg,saved,36.8271,62.0751
4560,151.945,full_frame_004560.jpg,saved,108.1275,65.6841
4590,152.945,full_frame_004590.jpg,saved,73.1916,61.9107
4620,153.944,full_frame_004620.jpg,saved,59.7198,60.3680
4650,154.944,full_frame_004650.jpg,saved,37.9355,59.1016
4680,155.943,full_frame_004680.jpg,saved,68.4142,63.0003
4710,156.943,full_frame_004710.jpg,saved,50.6385,57.9694
4740,157.943,full_frame_004740.jpg,saved,56.8381,55.9130
4770,158.942,full_frame_004770.jpg,saved,25.3128,54.9876
4800,159.942,full_frame_004800.jpg,saved,44.1112,54.5649
4830,160.942,full_frame_004830.jpg,saved,79.5068,56.4105
4860,161.941,full_frame_004860.jpg,saved,61.3824,55.8846
4890,162.941,,skipped_low_quality,10.2355,53.9444
4920,163.941,full_frame_004920.jpg,saved,27.4015,54.8291
4950,164.940,full_frame_004950.jpg,saved,69.8068,56.9978
4980,165.940,full_frame_004980.jpg,saved,62.8754,54.4667
5010,166.939,,skipped_low_quality,17.3828,54.9102
5040,167.939,full_frame_005040.jpg,saved,75.6162,55.7779
5070,168.939,full_frame_005070.jpg,saved,34.5465,53.0435
5100,169.938,full_frame_005100.jpg,saved,45.8549,51.0172
5130,170.938,full_frame_005130.jpg,saved,52.5318,54.6634
5160,171.938,full_frame_005160.jpg,saved,50.3185,58.3479
5190,172.937,full_frame_005190.jpg,saved,114.3764,58.5995
5220,173.937,,skipped_low_quality,16.6360,52.9929
5250,174.937,full_frame_005250.jpg,saved,31.4336,53.0228
5280,175.936,full_frame_005280.jpg,saved,74.5011,52.1876
5310,176.936,full_frame_005310.jpg,saved,33.0549,54.3020
5340,177.935,full_frame_005340.jpg,saved,62.4723,52.5056
5370,178.935,full_frame_005370.jpg,saved,105.3044,52.9476
5400,179.935,,skipped_low_quality,9.3744,53.7400
5430,180.934,,skipped_low_quality,13.2796,50.3736
5460,181.934,,skipped_low_quality,8.5312,50.3947
5490,182.934,,skipped_low_quality,12.1834,43.4099
5520,183.933,full_frame_005520.jpg,saved,58.5576,47.1648
5550,184.933,full_frame_005550.jpg,saved,22.2630,43.1254
5580,185.933,,skipped_low_quality,14.2557,43.9111
5610,186.932,,skipped_low_quality,18.3846,47.2190
5640,187.932,full_frame_005640.jpg,saved,30.1523,49.5639
5670,188.932,full_frame_005670.jpg,saved,25.5754,53.1142
5700,189.931,,skipped_low_quality,19.5931,53.7710
5730,190.931,,skipped_low_quality,14.9886,53.2325
5760,191.930,full_frame_005760.jpg,saved,46.4027,53.1335
5790,192.930,,skipped_low_quality,14.5074,53.5465
5820,193.930,,skipped_low_quality,9.8715,51.4987
5850,194.929,full_frame_005850.jpg,saved,24.9695,51.5908
5880,195.929,full_frame_005880.jpg,saved,32.4671,46.6038
5910,196.929,full_frame_005910.jpg,saved,54.0525,48.6953
5940,197.928,full_frame_005940.jpg,saved,26.3012,48.4002
5970,198.928,,skipped_low_quality,12.8207,45.2060
6000,199.928,full_frame_006000.jpg,saved,72.0350,53.2681
6030,200.927,full_frame_006030.jpg,saved,80.1546,52.5136
6060,201.927,,skipped_low_quality,19.1382,43.2451
6090,202.926,,skipped_low_quality,2.6003,30.5317
6120,203.926,,skipped_low_quality,6.2884,49.5921
6150,204.926,,skipped_low_quality,7.0907,53.6226
6180,205.925,full_frame_006180.jpg,saved,43.1714,56.7056
6210,206.925,full_frame_006210.jpg,saved,48.2523,57.9984
6240,207.925,full_frame_006240.jpg,saved,73.3301,56.7965
6270,208.924,full_frame_006270.jpg,saved,82.2863,58.6125
6300,209.924,,skipped_low_quality,19.2236,48.0593
6330,210.924,,skipped_low_quality,4.0121,39.8381
6360,211.923,full_frame_006360.jpg,saved,20.0109,48.3868
6390,212.923,full_frame_006390.jpg,saved,22.1280,51.0390
6420,213.922,,skipped_low_quality,16.3319,50.2576
6450,214.922,full_frame_006450.jpg,saved,38.3669,50.2817
6480,215.922,full_frame_006480.jpg,saved,41.6754,49.4345
6510,216.921,,skipped_low_quality,19.4553,51.1480
6540,217.921,full_frame_006540.jpg,saved,28.3784,51.5976
6570,218.921,,skipped_low_quality,19.4988,42.8654
6600,219.920,,skipped_low_quality,10.8908,39.7759
6630,220.920,,skipped_low_quality,13.3714,38.8101
6660,221.920,full_frame_006660.jpg,saved,51.3049,41.7631
