status,roi,frame_index,image_path,reason
kept,roi_01,0,roi_01/roi_01_frame_000000.jpg,valid_target_after_visual_review
kept,roi_01,15,roi_01/roi_01_frame_000015.jpg,valid_target_after_visual_review
kept,roi_01,30,roi_01/roi_01_frame_000030.jpg,valid_target_after_visual_review
kept,roi_01,45,roi_01/roi_01_frame_000045.jpg,valid_target_after_visual_review
kept,roi_01,60,roi_01/roi_01_frame_000060.jpg,valid_target_after_visual_review
kept,roi_01,75,roi_01/roi_01_frame_000075.jpg,valid_target_after_visual_review
kept,roi_01,90,roi_01/roi_01_frame_000090.jpg,valid_target_after_visual_review
kept,roi_01,105,roi_01/roi_01_frame_000105.jpg,valid_target_after_visual_review
kept,roi_01,120,roi_01/roi_01_frame_000120.jpg,valid_target_after_visual_review
kept,roi_01,135,roi_01/roi_01_frame_000135.jpg,valid_target_after_visual_review
kept,roi_01,150,roi_01/roi_01_frame_000150.jpg,valid_target_after_visual_review
kept,roi_01,165,roi_01/roi_01_frame_000165.jpg,valid_target_after_visual_review
kept,roi_01,180,roi_01/roi_01_frame_000180.jpg,valid_target_after_visual_review
kept,roi_01,195,roi_01/roi_01_frame_000195.jpg,valid_target_after_visual_review
kept,roi_01,210,roi_01/roi_01_frame_000210.jpg,valid_target_after_visual_review
removed,roi_01,225,roi_01/roi_01_frame_000225.jpg,not_target_blurry_or_low_quality_after_visual_review
removed,roi_01,240,roi_01/roi_01_frame_000240.jpg,not_target_blurry_or_low_quality_after_visual_review
removed,roi_01,255,roi_01/roi_01_frame_000255.jpg,not_target_blurry_or_low_quality_after_visual_review
removed,roi_01,270,roi_01/roi_01_frame_000270.jpg,not_target_blurry_or_low_quality_after_visual_review
removed,roi_01,285,roi_01/roi_01_frame_000285.jpg,not_target_blurry_or_low_quality_after_visual_review
removed,roi_01,300,roi_01/roi_01_frame_000300.jpg,not_target_blurry_or_low_quality_after_visual_review
removed,roi_01,315,roi_01/roi_01_frame_000315.jpg,not_target_blurry_or_low_quality_after_visual_review
removed,roi_01,330,roi_01/roi_01_frame_000330.jpg,not_target_blurry_or_low_quality_after_visual_review
removed,roi_01,345,roi_01/roi_01_frame_000345.jpg,not_target_blurry_or_low_quality_after_visual_review
removed,roi_01,360,roi_01/roi_01_frame_000360.jpg,not_target_blurry_or_low_quality_after_visual_review
removed,roi_01,375,roi_01/roi_01_frame_000375.jpg,not_target_blurry_or_low_quality_after_visual_review
removed,roi_01,390,roi_01/roi_01_frame_000390.jpg,not_target_blurry_or_low_quality_after_visual_review
removed,roi_01,405,roi_01/roi_01_frame_000405.jpg,not_target_blurry_or_low_quality_after_visual_review
removed,roi_01,420,roi_01/roi_01_frame_000420.jpg,not_target_blurry_or_low_quality_after_visual_review
removed,roi_01,435,roi_01/roi_01_frame_000435.jpg,not_target_blurry_or_low_quality_after_visual_review
removed,roi_01,450,roi_01/roi_01_frame_000450.jpg,not_target_blurry_or_low_quality_after_visual_review
removed,roi_01,465,roi_01/roi_01_frame_000465.jpg,not_target_blurry_or_low_quality_after_visual_review
removed,roi_01,480,roi_01/roi_01_frame_000480.jpg,not_target_blurry_or_low_quality_after_visual_review
removed,roi_01,495,roi_01/roi_01_frame_000495.jpg,not_target_blurry_or_low_quality_after_visual_review
removed,roi_01,510,roi_01/roi_01_frame_000510.jpg,not_target_blurry_or_low_quality_after_visual_review
removed,roi_01,525,roi_01/roi_01_frame_000525.jpg,not_target_blurry_or_low_quality_after_visual_review
removed,roi_01,540,roi_01/roi_01_frame_000540.jpg,not_target_blurry_or_low_quality_after_visual_review
removed,roi_01,555,roi_01/roi_01_frame_000555.jpg,not_target_blurry_or_low_quality_after_visual_review
removed,roi_01,570,roi_01/roi_01_frame_000570.jpg,not_target_blurry_or_low_quality_after_visual_review
removed,roi_01,585,roi_01/roi_01_frame_000585.jpg,not_target_blurry_or_low_quality_after_visual_review
removed,roi_01,600,roi_01/roi_01_frame_000600.jpg,not_target_blurry_or_low_quality_after_visual_review
removed,roi_01,615,roi_01/roi_01_frame_000615.jpg,not_target_blurry_or_low_quality_after_visual_review
removed,roi_01,630,roi_01/roi_01_frame_000630.jpg,not_target_blurry_or_low_quality_after_visual_review
removed,roi_01,645,roi_01/roi_01_frame_000645.jpg,not_target_blurry_or_low_quality_after_visual_review
removed,roi_01,660,roi_01/roi_01_frame_000660.jpg,not_target_blurry_or_low_quality_after_visual_review
removed,roi_01,675,roi_01/roi_01_frame_000675.jpg,not_target_blurry_or_low_quality_after_visual_review
removed,roi_01,690,roi_01/roi_01_frame_000690.jpg,not_target_blurry_or_low_quality_after_visual_review
removed,roi_01,705,roi_01/roi_01_frame_000705.jpg,not_target_blurry_or_low_quality_after_visual_review
removed,roi_01,720,roi_01/roi_01_frame_000720.jpg,not_target_blurry_or_low_quality_after_visual_review
removed,roi_01,735,roi_01/roi_01_frame_000735.jpg,not_target_blurry_or_low_quality_after_visual_review
removed,roi_01,750,roi_01/roi_01_frame_000750.jpg,not_target_blurry_or_low_quality_after_visual_review
removed,roi_01,765,roi_01/roi_01_frame_000765.jpg,not_target_blurry_or_low_quality_after_visual_review
removed,roi_01,780,roi_01/roi_01_frame_000780.jpg,not_target_blurry_or_low_quality_after_visual_review
removed,roi_01,795,roi_01/roi_01_frame_000795.jpg,not_target_blurry_or_low_quality_after_visual_review
removed,roi_01,810,roi_01/roi_01_frame_000810.jpg,not_target_blurry_or_low_quality_after_visual_review
removed,roi_01,825,roi_01/roi_01_frame_000825.jpg,not_target_blurry_or_low_quality_after_visual_review
removed,roi_01,840,roi_01/roi_01_frame_000840.jpg,not_target_blurry_or_low_quality_after_visual_review
removed,roi_01,855,roi_01/roi_01_frame_000855.jpg,not_target_blurry_or_low_quality_after_visual_review
removed,roi_01,870,roi_01/roi_01_frame_000870.jpg,not_target_blurry_or_low_quality_after_visual_review
removed,roi_01,885,roi_01/roi_01_frame_000885.jpg,not_target_blurry_or_low_quality_after_visual_review
removed,roi_01,900,roi_01/roi_01_frame_000900.jpg,not_target_blurry_or_low_quality_after_visual_review
removed,roi_01,915,roi_01/roi_01_frame_000915.jpg,not_target_blurry_or_low_quality_after_visual_review
removed,roi_01,930,roi_01/roi_01_frame_000930.jpg,not_target_blurry_or_low_quality_after_visual_review
removed,roi_01,945,roi_01/roi_01_frame_000945.jpg,not_target_blurry_or_low_quality_after_visual_review
removed,roi_01,960,roi_01/roi_01_frame_000960.jpg,not_target_blurry_or_low_quality_after_visual_review
removed,roi_01,975,roi_01/roi_01_frame_000975.jpg,not_target_blurry_or_low_quality_after_visual_review
removed,roi_01,990,roi_01/roi_01_frame_000990.jpg,not_target_blurry_or_low_quality_after_visual_review
removed,roi_01,1005,roi_01/roi_01_frame_001005.jpg,not_target_blurry_or_low_quality_after_visual_review
removed,roi_01,1020,roi_01/roi_01_frame_001020.jpg,not_target_blurry_or_low_quality_after_visual_review
removed,roi_01,1035,roi_01/roi_01_frame_001035.jpg,not_target_blurry_or_low_quality_after_visual_review
removed,roi_01,1050,roi_01/roi_01_frame_001050.jpg,not_target_blurry_or_low_quality_after_visual_review
removed,roi_01,1065,roi_01/roi_01_frame_001065.jpg,not_target_blurry_or_low_quality_after_visual_review
removed,roi_01,1080,roi_01/roi_01_frame_001080.jpg,not_target_blurry_or_low_quality_after_visual_review
removed,roi_01,1095,roi_01/roi_01_frame_001095.jpg,not_target_blurry_or_low_quality_after_visual_review
removed,roi_01,1110,roi_01/roi_01_frame_001110.jpg,not_target_blurry_or_low_quality_after_visual_review
removed,roi_01,1125,roi_01/roi_01_frame_001125.jpg,not_target_blurry_or_low_quality_after_visual_review
removed,roi_01,1140,roi_01/roi_01_frame_001140.jpg,not_target_blurry_or_low_quality_after_visual_review
removed,roi_01,1155,roi_01/roi_01_frame_001155.jpg,not_target_blurry_or_low_quality_after_visual_review
removed,roi_01,1170,roi_01/roi_01_frame_001170.jpg,not_target_blurry_or_low_quality_after_visual_review
removed,roi_01,1185,roi_01/roi_01_frame_001185.jpg,not_target_blurry_or_low_quality_after_visual_review
removed,roi_01,1200,roi_01/roi_01_frame_001200.jpg,not_target_blurry_or_low_quality_after_visual_review
removed,roi_01,1215,roi_01/roi_01_frame_001215.jpg,not_target_blurry_or_low_quality_after_visual_review
removed,roi_01,1230,roi_01/roi_01_frame_001230.jpg,not_target_blurry_or_low_quality_after_visual_review
removed,roi_01,1245,roi_01/roi_01_frame_001245.jpg,not_target_blurry_or_low_quality_after_visual_review
removed,roi_01,1260,roi_01/roi_01_frame_001260.jpg,not_target_blurry_or_low_quality_after_visual_review
removed,roi_01,1275,roi_01/roi_01_frame_001275.jpg,not_target_blurry_or_low_quality_after_visual_review
removed,roi_01,1290,roi_01/roi_01_frame_001290.jpg,not_target_blurry_or_low_quality_after_visual_review
removed,roi_01,1305,roi_01/roi_01_frame_001305.jpg,not_target_blurry_or_low_quality_after_visual_review
removed,roi_01,1320,roi_01/roi_01_frame_001320.jpg,not_target_blurry_or_low_quality_after_visual_review
removed,roi_01,1335,roi_01/roi_01_frame_001335.jpg,not_target_blurry_or_low_quality_after_visual_review
removed,roi_01,1350,roi_01/roi_01_frame_001350.jpg,not_target_blurry_or_low_quality_after_visual_review
removed,roi_01,1365,roi_01/roi_01_frame_001365.jpg,not_target_blurry_or_low_quality_after_visual_review
removed,roi_01,1380,roi_01/roi_01_frame_001380.jpg,not_target_blurry_or_low_quality_after_visual_review
removed,roi_01,1395,roi_01/roi_01_frame_001395.jpg,not_target_blurry_or_low_quality_after_visual_review
removed,roi_01,1410,roi_01/roi_01_frame_001410.jpg,not_target_blurry_or_low_quality_after_visual_review
removed,roi_01,1425,roi_01/roi_01_frame_001425.jpg,not_target_blurry_or_low_quality_after_visual_review
removed,roi_01,1440,roi_01/roi_01_frame_001440.jpg,not_target_blurry_or_low_quality_after_visual_review
removed,roi_01,1455,roi_01/roi_01_frame_001455.jpg,not_target_blurry_or_low_quality_after_visual_review
removed,roi_01,1470,roi_01/roi_01_frame_001470.jpg,not_target_blurry_or_low_quality_after_visual_review
removed,roi_01,1485,roi_01/roi_01_frame_001485.jpg,not_target_blurry_or_low_quality_after_visual_review
removed,roi_01,1500,roi_01/roi_01_frame_001500.jpg,not_target_blurry_or_low_quality_after_visual_review
removed,roi_01,1515,roi_01/roi_01_frame_001515.jpg,not_target_blurry_or_low_quality_after_visual_review
removed,roi_01,1530,roi_01/roi_01_frame_001530.jpg,not_target_blurry_or_low_quality_after_visual_review
removed,roi_01,1545,roi_01/roi_01_frame_001545.jpg,not_target_blurry_or_low_quality_after_visual_review
removed,roi_01,1560,roi_01/roi_01_frame_001560.jpg,not_target_blurry_or_low_quality_after_visual_review
removed,roi_01,1575,roi_01/roi_01_frame_001575.jpg,not_target_blurry_or_low_quality_after_visual_review
removed,roi_01,1590,roi_01/roi_01_frame_001590.jpg,not_target_blurry_or_low_quality_after_visual_review
removed,roi_01,1605,roi_01/roi_01_frame_001605.jpg,not_target_blurry_or_low_quality_after_visual_review
removed,roi_01,1620,roi_01/roi_01_frame_001620.jpg,not_target_blurry_or_low_quality_after_visual_review
removed,roi_01,1635,roi_01/roi_01_frame_001635.jpg,not_target_blurry_or_low_quality_after_visual_review
removed,roi_01,1650,roi_01/roi_01_frame_001650.jpg,not_target_blurry_or_low_quality_after_visual_review
removed,roi_01,1665,roi_01/roi_01_frame_001665.jpg,not_target_blurry_or_low_quality_after_visual_review
removed,roi_01,1680,roi_01/roi_01_frame_001680.jpg,not_target_blurry_or_low_quality_after_visual_review
removed,roi_01,1695,roi_01/roi_01_frame_001695.jpg,not_target_blurry_or_low_quality_after_visual_review
removed,roi_01,1710,roi_01/roi_01_frame_001710.jpg,not_target_blurry_or_low_quality_after_visual_review
removed,roi_01,1725,roi_01/roi_01_frame_001725.jpg,not_target_blurry_or_low_quality_after_visual_review
removed,roi_01,1740,roi_01/roi_01_frame_001740.jpg,not_target_blurry_or_low_quality_after_visual_review
removed,roi_01,1755,roi_01/roi_01_frame_001755.jpg,not_target_blurry_or_low_quality_after_visual_review
removed,roi_01,1770,roi_01/roi_01_frame_001770.jpg,not_target_blurry_or_low_quality_after_visual_review
removed,roi_01,1785,roi_01/roi_01_frame_001785.jpg,not_target_blurry_or_low_quality_after_visual_review
removed,roi_01,1800,roi_01/roi_01_frame_001800.jpg,not_target_blurry_or_low_quality_after_visual_review
removed,roi_01,1815,roi_01/roi_01_frame_001815.jpg,not_target_blurry_or_low_quality_after_visual_review
removed,roi_01,1830,roi_01/roi_01_frame_001830.jpg,not_target_blurry_or_low_quality_after_visual_review
removed,roi_01,1845,roi_01/roi_01_frame_001845.jpg,not_target_blurry_or_low_quality_after_visual_review
removed,roi_01,1860,roi_01/roi_01_frame_001860.jpg,not_target_blurry_or_low_quality_after_visual_review
removed,roi_01,1875,roi_01/roi_01_frame_001875.jpg,not_target_blurry_or_low_quality_after_visual_review
removed,roi_01,1890,roi_01/roi_01_frame_001890.jpg,not_target_blurry_or_low_quality_after_visual_review
removed,roi_01,1905,roi_01/roi_01_frame_001905.jpg,not_target_blurry_or_low_quality_after_visual_review
removed,roi_01,1920,roi_01/roi_01_frame_001920.jpg,not_target_blurry_or_low_quality_after_visual_review
removed,roi_01,1935,roi_01/roi_01_frame_001935.jpg,not_target_blurry_or_low_quality_after_visual_review
removed,roi_01,1950,roi_01/roi_01_frame_001950.jpg,not_target_blurry_or_low_quality_after_visual_review
removed,roi_01,1965,roi_01/roi_01_frame_001965.jpg,not_target_blurry_or_low_quality_after_visual_review
removed,roi_01,1980,roi_01/roi_01_frame_001980.jpg,not_target_blurry_or_low_quality_after_visual_review
removed,roi_01,1995,roi_01/roi_01_frame_001995.jpg,not_target_blurry_or_low_quality_after_visual_review
removed,roi_01,2010,roi_01/roi_01_frame_002010.jpg,not_target_blurry_or_low_quality_after_visual_review
removed,roi_01,2025,roi_01/roi_01_frame_002025.jpg,not_target_blurry_or_low_quality_after_visual_review
removed,roi_01,2040,roi_01/roi_01_frame_002040.jpg,not_target_blurry_or_low_quality_after_visual_review
removed,roi_01,2055,roi_01/roi_01_frame_002055.jpg,not_target_blurry_or_low_quality_after_visual_review
removed,roi_01,2070,roi_01/roi_01_frame_002070.jpg,not_target_blurry_or_low_quality_after_visual_review
removed,roi_01,2085,roi_01/roi_01_frame_002085.jpg,not_target_blurry_or_low_quality_after_visual_review
removed,roi_01,2100,roi_01/roi_01_frame_002100.jpg,not_target_blurry_or_low_quality_after_visual_review
removed,roi_01,2115,roi_01/roi_01_frame_002115.jpg,not_target_blurry_or_low_quality_after_visual_review
removed,roi_01,2130,roi_01/roi_01_frame_002130.jpg,not_target_blurry_or_low_quality_after_visual_review
removed,roi_01,2145,roi_01/roi_01_frame_002145.jpg,not_target_blurry_or_low_quality_after_visual_review
removed,roi_01,2160,roi_01/roi_01_frame_002160.jpg,not_target_blurry_or_low_quality_after_visual_review
removed,roi_01,2175,roi_01/roi_01_frame_002175.jpg,not_target_blurry_or_low_quality_after_visual_review
removed,roi_01,2190,roi_01/roi_01_frame_002190.jpg,not_target_blurry_or_low_quality_after_visual_review
removed,roi_01,2205,roi_01/roi_01_frame_002205.jpg,not_target_blurry_or_low_quality_after_visual_review
removed,roi_01,2220,roi_01/roi_01_frame_002220.jpg,not_target_blurry_or_low_quality_after_visual_review
removed,roi_01,2235,roi_01/roi_01_frame_002235.jpg,not_target_blurry_or_low_quality_after_visual_review
removed,roi_01,2250,roi_01/roi_01_frame_002250.jpg,not_target_blurry_or_low_quality_after_visual_review
removed,roi_01,2265,roi_01/roi_01_frame_002265.jpg,not_target_blurry_or_low_quality_after_visual_review
removed,roi_01,2280,roi_01/roi_01_frame_002280.jpg,not_target_blurry_or_low_quality_after_visual_review
removed,roi_01,2295,roi_01/roi_01_frame_002295.jpg,not_target_blurry_or_low_quality_after_visual_review
removed,roi_01,2310,roi_01/roi_01_frame_002310.jpg,not_target_blurry_or_low_quality_after_visual_review
removed,roi_01,2325,roi_01/roi_01_frame_002325.jpg,not_target_blurry_or_low_quality_after_visual_review
removed,roi_01,2340,roi_01/roi_01_frame_002340.jpg,not_target_blurry_or_low_quality_after_visual_review
removed,roi_01,2355,roi_01/roi_01_frame_002355.jpg,not_target_blurry_or_low_quality_after_visual_review
removed,roi_01,2370,roi_01/roi_01_frame_002370.jpg,not_target_blurry_or_low_quality_after_visual_review
removed,roi_01,2385,roi_01/roi_01_frame_002385.jpg,not_target_blurry_or_low_quality_after_visual_review
removed,roi_01,2400,roi_01/roi_01_frame_002400.jpg,not_target_blurry_or_low_quality_after_visual_review
removed,roi_01,2415,roi_01/roi_01_frame_002415.jpg,not_target_blurry_or_low_quality_after_visual_review
removed,roi_01,2430,roi_01/roi_01_frame_002430.jpg,not_target_blurry_or_low_quality_after_visual_review
removed,roi_01,2445,roi_01/roi_01_frame_002445.jpg,not_target_blurry_or_low_quality_after_visual_review
removed,roi_01,2460,roi_01/roi_01_frame_002460.jpg,not_target_blurry_or_low_quality_after_visual_review
removed,roi_01,2475,roi_01/roi_01_frame_002475.jpg,not_target_blurry_or_low_quality_after_visual_review
removed,roi_01,2490,roi_01/roi_01_frame_002490.jpg,not_target_blurry_or_low_quality_after_visual_review
removed,roi_01,2505,roi_01/roi_01_frame_002505.jpg,not_target_blurry_or_low_quality_after_visual_review
removed,roi_01,2520,roi_01/roi_01_frame_002520.jpg,not_target_blurry_or_low_quality_after_visual_review
removed,roi_01,2535,roi_01/roi_01_frame_002535.jpg,not_target_blurry_or_low_quality_after_visual_review
removed,roi_01,2550,roi_01/roi_01_frame_002550.jpg,not_target_blurry_or_low_quality_after_visual_review
removed,roi_01,2565,roi_01/roi_01_frame_002565.jpg,not_target_blurry_or_low_quality_after_visual_review
removed,roi_01,2580,roi_01/roi_01_frame_002580.jpg,not_target_blurry_or_low_quality_after_visual_review
removed,roi_01,2595,roi_01/roi_01_frame_002595.jpg,not_target_blurry_or_low_quality_after_visual_review
removed,roi_01,2610,roi_01/roi_01_frame_002610.jpg,not_target_blurry_or_low_quality_after_visual_review
removed,roi_01,2625,roi_01/roi_01_frame_002625.jpg,not_target_blurry_or_low_quality_after_visual_review
removed,roi_01,2640,roi_01/roi_01_frame_002640.jpg,not_target_blurry_or_low_quality_after_visual_review
removed,roi_01,2655,roi_01/roi_01_frame_002655.jpg,not_target_blurry_or_low_quality_after_visual_review
removed,roi_01,2670,roi_01/roi_01_frame_002670.jpg,not_target_blurry_or_low_quality_after_visual_review
removed,roi_01,2685,roi_01/roi_01_frame_002685.jpg,not_target_blurry_or_low_quality_after_visual_review
removed,roi_01,2700,roi_01/roi_01_frame_002700.jpg,not_target_blurry_or_low_quality_after_visual_review
removed,roi_01,2715,roi_01/roi_01_frame_002715.jpg,not_target_blurry_or_low_quality_after_visual_review
removed,roi_01,2730,roi_01/roi_01_frame_002730.jpg,not_target_blurry_or_low_quality_after_visual_review
removed,roi_01,2745,roi_01/roi_01_frame_002745.jpg,not_target_blurry_or_low_quality_after_visual_review
removed,roi_01,2760,roi_01/roi_01_frame_002760.jpg,not_target_blurry_or_low_quality_after_visual_review
removed,roi_01,2775,roi_01/roi_01_frame_002775.jpg,not_target_blurry_or_low_quality_after_visual_review
removed,roi_01,2790,roi_01/roi_01_frame_002790.jpg,not_target_blurry_or_low_quality_after_visual_review
removed,roi_01,2805,roi_01/roi_01_frame_002805.jpg,not_target_blurry_or_low_quality_after_visual_review
removed,roi_01,2820,roi_01/roi_01_frame_002820.jpg,not_target_blurry_or_low_quality_after_visual_review
removed,roi_01,2835,roi_01/roi_01_frame_002835.jpg,not_target_blurry_or_low_quality_after_visual_review
removed,roi_01,2850,roi_01/roi_01_frame_002850.jpg,not_target_blurry_or_low_quality_after_visual_review
removed,roi_01,2865,roi_01/roi_01_frame_002865.jpg,not_target_blurry_or_low_quality_after_visual_review
removed,roi_01,2880,roi_01/roi_01_frame_002880.jpg,not_target_blurry_or_low_quality_after_visual_review
removed,roi_01,2895,roi_01/roi_01_frame_002895.jpg,not_target_blurry_or_low_quality_after_visual_review
removed,roi_01,2910,roi_01/roi_01_frame_002910.jpg,not_target_blurry_or_low_quality_after_visual_review
removed,roi_01,2925,roi_01/roi_01_frame_002925.jpg,not_target_blurry_or_low_quality_after_visual_review
removed,roi_01,2940,roi_01/roi_01_frame_002940.jpg,not_target_blurry_or_low_quality_after_visual_review
removed,roi_01,2955,roi_01/roi_01_frame_002955.jpg,not_target_blurry_or_low_quality_after_visual_review
removed,roi_01,2970,roi_01/roi_01_frame_002970.jpg,not_target_blurry_or_low_quality_after_visual_review
removed,roi_01,2985,roi_01/roi_01_frame_002985.jpg,not_target_blurry_or_low_quality_after_visual_review
removed,roi_01,3000,roi_01/roi_01_frame_003000.jpg,not_target_blurry_or_low_quality_after_visual_review
removed,roi_01,3015,roi_01/roi_01_frame_003015.jpg,not_target_blurry_or_low_quality_after_visual_review
removed,roi_01,3030,roi_01/roi_01_frame_003030.jpg,not_target_blurry_or_low_quality_after_visual_review
removed,roi_01,3045,roi_01/roi_01_frame_003045.jpg,not_target_blurry_or_low_quality_after_visual_review
removed,roi_01,3060,roi_01/roi_01_frame_003060.jpg,not_target_blurry_or_low_quality_after_visual_review
removed,roi_01,3075,roi_01/roi_01_frame_003075.jpg,not_target_blurry_or_low_quality_after_visual_review
removed,roi_01,3090,roi_01/roi_01_frame_003090.jpg,not_target_blurry_or_low_quality_after_visual_review
removed,roi_01,3105,roi_01/roi_01_frame_003105.jpg,not_target_blurry_or_low_quality_after_visual_review
removed,roi_01,3120,roi_01/roi_01_frame_003120.jpg,not_target_blurry_or_low_quality_after_visual_review
removed,roi_01,3135,roi_01/roi_01_frame_003135.jpg,not_target_blurry_or_low_quality_after_visual_review
removed,roi_01,3150,roi_01/roi_01_frame_003150.jpg,not_target_blurry_or_low_quality_after_visual_review
removed,roi_01,3165,roi_01/roi_01_frame_003165.jpg,not_target_blurry_or_low_quality_after_visual_review
removed,roi_01,3180,roi_01/roi_01_frame_003180.jpg,not_target_blurry_or_low_quality_after_visual_review
removed,roi_01,3195,roi_01/roi_01_frame_003195.jpg,not_target_blurry_or_low_quality_after_visual_review
removed,roi_01,3210,roi_01/roi_01_frame_003210.jpg,not_target_blurry_or_low_quality_after_visual_review
removed,roi_01,3225,roi_01/roi_01_frame_003225.jpg,not_target_blurry_or_low_quality_after_visual_review
removed,roi_01,3240,roi_01/roi_01_frame_003240.jpg,not_target_blurry_or_low_quality_after_visual_review
removed,roi_01,3255,roi_01/roi_01_frame_003255.jpg,not_target_blurry_or_low_quality_after_visual_review
removed,roi_01,3270,roi_01/roi_01_frame_003270.jpg,not_target_blurry_or_low_quality_after_visual_review
removed,roi_01,3285,roi_01/roi_01_frame_003285.jpg,not_target_blurry_or_low_quality_after_visual_review
removed,roi_01,3300,roi_01/roi_01_frame_003300.jpg,not_target_blurry_or_low_quality_after_visual_review
removed,roi_01,3315,roi_01/roi_01_frame_003315.jpg,not_target_blurry_or_low_quality_after_visual_review
removed,roi_01,3330,roi_01/roi_01_frame_003330.jpg,not_target_blurry_or_low_quality_after_visual_review
removed,roi_01,3345,roi_01/roi_01_frame_003345.jpg,not_target_blurry_or_low_quality_after_visual_review
removed,roi_01,3360,roi_01/roi_01_frame_003360.jpg,not_target_blurry_or_low_quality_after_visual_review
removed,roi_01,3375,roi_01/roi_01_frame_003375.jpg,not_target_blurry_or_low_quality_after_visual_review
removed,roi_01,3390,roi_01/roi_01_frame_003390.jpg,not_target_blurry_or_low_quality_after_visual_review
removed,roi_01,3405,roi_01/roi_01_frame_003405.jpg,not_target_blurry_or_low_quality_after_visual_review
kept,roi_01,3420,roi_01/roi_01_frame_003420.jpg,valid_target_after_visual_review
kept,roi_01,3435,roi_01/roi_01_frame_003435.jpg,valid_target_after_visual_review
kept,roi_01,3450,roi_01/roi_01_frame_003450.jpg,valid_target_after_visual_review
kept,roi_01,3465,roi_01/roi_01_frame_003465.jpg,valid_target_after_visual_review
kept,roi_01,3480,roi_01/roi_01_frame_003480.jpg,valid_target_after_visual_review
kept,roi_01,3495,roi_01/roi_01_frame_003495.jpg,valid_target_after_visual_review
kept,roi_01,3510,roi_01/roi_01_frame_003510.jpg,valid_target_after_visual_review
kept,roi_01,3525,roi_01/roi_01_frame_003525.jpg,valid_target_after_visual_review
removed,roi_01,3540,roi_01/roi_01_frame_003540.jpg,not_target_blurry_or_low_quality_after_visual_review
removed,roi_01,3555,roi_01/roi_01_frame_003555.jpg,not_target_blurry_or_low_quality_after_visual_review
removed,roi_01,3570,roi_01/roi_01_frame_003570.jpg,not_target_blurry_or_low_quality_after_visual_review
removed,roi_01,3585,roi_01/roi_01_frame_003585.jpg,not_target_blurry_or_low_quality_after_visual_review
removed,roi_01,3600,roi_01/roi_01_frame_003600.jpg,not_target_blurry_or_low_quality_after_visual_review
removed,roi_01,3615,roi_01/roi_01_frame_003615.jpg,not_target_blurry_or_low_quality_after_visual_review
removed,roi_01,3630,roi_01/roi_01_frame_003630.jpg,not_target_blurry_or_low_quality_after_visual_review
removed,roi_01,3645,roi_01/roi_01_frame_003645.jpg,not_target_blurry_or_low_quality_after_visual_review
removed,roi_01,3660,roi_01/roi_01_frame_003660.jpg,not_target_blurry_or_low_quality_after_visual_review
kept,roi_01,3675,roi_01/roi_01_frame_003675.jpg,valid_target_after_visual_review
kept,roi_01,3690,roi_01/roi_01_frame_003690.jpg,valid_target_after_visual_review
kept,roi_01,3705,roi_01/roi_01_frame_003705.jpg,valid_target_after_visual_review
kept,roi_01,3720,roi_01/roi_01_frame_003720.jpg,valid_target_after_visual_review
kept,roi_01,3735,roi_01/roi_01_frame_003735.jpg,valid_target_after_visual_review
kept,roi_01,3750,roi_01/roi_01_frame_003750.jpg,valid_target_after_visual_review
kept,roi_01,3765,roi_01/roi_01_frame_003765.jpg,valid_target_after_visual_review
kept,roi_01,3780,roi_01/roi_01_frame_003780.jpg,valid_target_after_visual_review
kept,roi_01,3795,roi_01/roi_01_frame_003795.jpg,valid_target_after_visual_review
kept,roi_01,3810,roi_01/roi_01_frame_003810.jpg,valid_target_after_visual_review
kept,roi_01,3825,roi_01/roi_01_frame_003825.jpg,valid_target_after_visual_review
removed,roi_01,3840,roi_01/roi_01_frame_003840.jpg,not_target_blurry_or_low_quality_after_visual_review
removed,roi_01,3855,roi_01/roi_01_frame_003855.jpg,not_target_blurry_or_low_quality_after_visual_review
removed,roi_01,3870,roi_01/roi_01_frame_003870.jpg,not_target_blurry_or_low_quality_after_visual_review
removed,roi_01,3885,roi_01/roi_01_frame_003885.jpg,not_target_blurry_or_low_quality_after_visual_review
removed,roi_01,3900,roi_01/roi_01_frame_003900.jpg,not_target_blurry_or_low_quality_after_visual_review
removed,roi_01,3915,roi_01/roi_01_frame_003915.jpg,not_target_blurry_or_low_quality_after_visual_review
removed,roi_01,3930,roi_01/roi_01_frame_003930.jpg,not_target_blurry_or_low_quality_after_visual_review
removed,roi_01,3945,roi_01/roi_01_frame_003945.jpg,not_target_blurry_or_low_quality_after_visual_review
removed,roi_01,3960,roi_01/roi_01_frame_003960.jpg,not_target_blurry_or_low_quality_after_visual_review
removed,roi_01,3975,roi_01/roi_01_frame_003975.jpg,not_target_blurry_or_low_quality_after_visual_review
removed,roi_01,3990,roi_01/roi_01_frame_003990.jpg,not_target_blurry_or_low_quality_after_visual_review
removed,roi_01,4005,roi_01/roi_01_frame_004005.jpg,not_target_blurry_or_low_quality_after_visual_review
removed,roi_01,4020,roi_01/roi_01_frame_004020.jpg,not_target_blurry_or_low_quality_after_visual_review
removed,roi_01,4035,roi_01/roi_01_frame_004035.jpg,not_target_blurry_or_low_quality_after_visual_review
removed,roi_01,4050,roi_01/roi_01_frame_004050.jpg,not_target_blurry_or_low_quality_after_visual_review
removed,roi_01,4065,roi_01/roi_01_frame_004065.jpg,not_target_blurry_or_low_quality_after_visual_review
removed,roi_01,4080,roi_01/roi_01_frame_004080.jpg,not_target_blurry_or_low_quality_after_visual_review
removed,roi_01,4095,roi_01/roi_01_frame_004095.jpg,not_target_blurry_or_low_quality_after_visual_review
removed,roi_01,4110,roi_01/roi_01_frame_004110.jpg,not_target_blurry_or_low_quality_after_visual_review
removed,roi_01,4125,roi_01/roi_01_frame_004125.jpg,not_target_blurry_or_low_quality_after_visual_review
removed,roi_01,4140,roi_01/roi_01_frame_004140.jpg,not_target_blurry_or_low_quality_after_visual_review
removed,roi_01,4155,roi_01/roi_01_frame_004155.jpg,not_target_blurry_or_low_quality_after_visual_review
removed,roi_01,4170,roi_01/roi_01_frame_004170.jpg,not_target_blurry_or_low_quality_after_visual_review
removed,roi_01,4185,roi_01/roi_01_frame_004185.jpg,not_target_blurry_or_low_quality_after_visual_review
removed,roi_01,4200,roi_01/roi_01_frame_004200.jpg,not_target_blurry_or_low_quality_after_visual_review
removed,roi_01,4215,roi_01/roi_01_frame_004215.jpg,not_target_blurry_or_low_quality_after_visual_review
removed,roi_01,4230,roi_01/roi_01_frame_004230.jpg,not_target_blurry_or_low_quality_after_visual_review
removed,roi_01,4245,roi_01/roi_01_frame_004245.jpg,not_target_blurry_or_low_quality_after_visual_review
removed,roi_01,4260,roi_01/roi_01_frame_004260.jpg,not_target_blurry_or_low_quality_after_visual_review
removed,roi_01,4275,roi_01/roi_01_frame_004275.jpg,not_target_blurry_or_low_quality_after_visual_review
removed,roi_01,4290,roi_01/roi_01_frame_004290.jpg,not_target_blurry_or_low_quality_after_visual_review
removed,roi_01,4305,roi_01/roi_01_frame_004305.jpg,not_target_blurry_or_low_quality_after_visual_review
removed,roi_01,4320,roi_01/roi_01_frame_004320.jpg,not_target_blurry_or_low_quality_after_visual_review
removed,roi_01,4335,roi_01/roi_01_frame_004335.jpg,not_target_blurry_or_low_quality_after_visual_review
removed,roi_01,4350,roi_01/roi_01_frame_004350.jpg,not_target_blurry_or_low_quality_after_visual_review
removed,roi_01,4365,roi_01/roi_01_frame_004365.jpg,not_target_blurry_or_low_quality_after_visual_review
removed,roi_01,4380,roi_01/roi_01_frame_004380.jpg,not_target_blurry_or_low_quality_after_visual_review
removed,roi_01,4395,roi_01/roi_01_frame_004395.jpg,not_target_blurry_or_low_quality_after_visual_review
removed,roi_01,4410,roi_01/roi_01_frame_004410.jpg,not_target_blurry_or_low_quality_after_visual_review
removed,roi_01,4425,roi_01/roi_01_frame_004425.jpg,not_target_blurry_or_low_quality_after_visual_review
removed,roi_01,4440,roi_01/roi_01_frame_004440.jpg,not_target_blurry_or_low_quality_after_visual_review
removed,roi_01,4455,roi_01/roi_01_frame_004455.jpg,not_target_blurry_or_low_quality_after_visual_review
removed,roi_01,4470,roi_01/roi_01_frame_004470.jpg,not_target_blurry_or_low_quality_after_visual_review
removed,roi_01,4485,roi_01/roi_01_frame_004485.jpg,not_target_blurry_or_low_quality_after_visual_review
removed,roi_01,4500,roi_01/roi_01_frame_004500.jpg,not_target_blurry_or_low_quality_after_visual_review
removed,roi_01,4515,roi_01/roi_01_frame_004515.jpg,not_target_blurry_or_low_quality_after_visual_review
removed,roi_01,4530,roi_01/roi_01_frame_004530.jpg,not_target_blurry_or_low_quality_after_visual_review
removed,roi_01,4545,roi_01/roi_01_frame_004545.jpg,not_target_blurry_or_low_quality_after_visual_review
removed,roi_01,4560,roi_01/roi_01_frame_004560.jpg,not_target_blurry_or_low_quality_after_visual_review
removed,roi_01,4575,roi_01/roi_01_frame_004575.jpg,not_target_blurry_or_low_quality_after_visual_review
removed,roi_01,4590,roi_01/roi_01_frame_004590.jpg,not_target_blurry_or_low_quality_after_visual_review
removed,roi_01,4605,roi_01/roi_01_frame_004605.jpg,not_target_blurry_or_low_quality_after_visual_review
removed,roi_01,4620,roi_01/roi_01_frame_004620.jpg,not_target_blurry_or_low_quality_after_visual_review
removed,roi_01,4635,roi_01/roi_01_frame_004635.jpg,not_target_blurry_or_low_quality_after_visual_review
removed,roi_01,4650,roi_01/roi_01_frame_004650.jpg,not_target_blurry_or_low_quality_after_visual_review
removed,roi_01,4665,roi_01/roi_01_frame_004665.jpg,not_target_blurry_or_low_quality_after_visual_review
removed,roi_01,4680,roi_01/roi_01_frame_004680.jpg,not_target_blurry_or_low_quality_after_visual_review
removed,roi_01,4695,roi_01/roi_01_frame_004695.jpg,not_target_blurry_or_low_quality_after_visual_review
removed,roi_01,4710,roi_01/roi_01_frame_004710.jpg,not_target_blurry_or_low_quality_after_visual_review
removed,roi_01,4725,roi_01/roi_01_frame_004725.jpg,not_target_blurry_or_low_quality_after_visual_review
removed,roi_01,4740,roi_01/roi_01_frame_004740.jpg,not_target_blurry_or_low_quality_after_visual_review
removed,roi_01,4755,roi_01/roi_01_frame_004755.jpg,not_target_blurry_or_low_quality_after_visual_review
removed,roi_01,4770,roi_01/roi_01_frame_004770.jpg,not_target_blurry_or_low_quality_after_visual_review
removed,roi_01,4785,roi_01/roi_01_frame_004785.jpg,not_target_blurry_or_low_quality_after_visual_review
removed,roi_01,4800,roi_01/roi_01_frame_004800.jpg,not_target_blurry_or_low_quality_after_visual_review
removed,roi_01,4815,roi_01/roi_01_frame_004815.jpg,not_target_blurry_or_low_quality_after_visual_review
removed,roi_01,4830,roi_01/roi_01_frame_004830.jpg,not_target_blurry_or_low_quality_after_visual_review
removed,roi_01,4845,roi_01/roi_01_frame_004845.jpg,not_target_blurry_or_low_quality_after_visual_review
removed,roi_01,4860,roi_01/roi_01_frame_004860.jpg,not_target_blurry_or_low_quality_after_visual_review
removed,roi_01,4875,roi_01/roi_01_frame_004875.jpg,not_target_blurry_or_low_quality_after_visual_review
removed,roi_01,4890,roi_01/roi_01_frame_004890.jpg,not_target_blurry_or_low_quality_after_visual_review
removed,roi_01,4905,roi_01/roi_01_frame_004905.jpg,not_target_blurry_or_low_quality_after_visual_review
removed,roi_01,4920,roi_01/roi_01_frame_004920.jpg,not_target_blurry_or_low_quality_after_visual_review
removed,roi_01,4935,roi_01/roi_01_frame_004935.jpg,not_target_blurry_or_low_quality_after_visual_review
removed,roi_01,4950,roi_01/roi_01_frame_004950.jpg,not_target_blurry_or_low_quality_after_visual_review
removed,roi_01,4965,roi_01/roi_01_frame_004965.jpg,not_target_blurry_or_low_quality_after_visual_review
removed,roi_01,4980,roi_01/roi_01_frame_004980.jpg,not_target_blurry_or_low_quality_after_visual_review
removed,roi_01,4995,roi_01/roi_01_frame_004995.jpg,not_target_blurry_or_low_quality_after_visual_review
removed,roi_01,5010,roi_01/roi_01_frame_005010.jpg,not_target_blurry_or_low_quality_after_visual_review
removed,roi_01,5025,roi_01/roi_01_frame_005025.jpg,not_target_blurry_or_low_quality_after_visual_review
removed,roi_01,5040,roi_01/roi_01_frame_005040.jpg,not_target_blurry_or_low_quality_after_visual_review
removed,roi_01,5055,roi_01/roi_01_frame_005055.jpg,not_target_blurry_or_low_quality_after_visual_review
removed,roi_01,5070,roi_01/roi_01_frame_005070.jpg,not_target_blurry_or_low_quality_after_visual_review
removed,roi_01,5085,roi_01/roi_01_frame_005085.jpg,not_target_blurry_or_low_quality_after_visual_review
removed,roi_01,5100,roi_01/roi_01_frame_005100.jpg,not_target_blurry_or_low_quality_after_visual_review
removed,roi_01,5115,roi_01/roi_01_frame_005115.jpg,not_target_blurry_or_low_quality_after_visual_review
removed,roi_01,5130,roi_01/roi_01_frame_005130.jpg,not_target_blurry_or_low_quality_after_visual_review
removed,roi_01,5145,roi_01/roi_01_frame_005145.jpg,not_target_blurry_or_low_quality_after_visual_review
removed,roi_01,5160,roi_01/roi_01_frame_005160.jpg,not_target_blurry_or_low_quality_after_visual_review
removed,roi_01,5175,roi_01/roi_01_frame_005175.jpg,not_target_blurry_or_low_quality_after_visual_review
removed,roi_01,5190,roi_01/roi_01_frame_005190.jpg,not_target_blurry_or_low_quality_after_visual_review
removed,roi_01,5205,roi_01/roi_01_frame_005205.jpg,not_target_blurry_or_low_quality_after_visual_review
removed,roi_01,5220,roi_01/roi_01_frame_005220.jpg,not_target_blurry_or_low_quality_after_visual_review
removed,roi_01,5235,roi_01/roi_01_frame_005235.jpg,not_target_blurry_or_low_quality_after_visual_review
removed,roi_01,5250,roi_01/roi_01_frame_005250.jpg,not_target_blurry_or_low_quality_after_visual_review
removed,roi_01,5265,roi_01/roi_01_frame_005265.jpg,not_target_blurry_or_low_quality_after_visual_review
removed,roi_01,5280,roi_01/roi_01_frame_005280.jpg,not_target_blurry_or_low_quality_after_visual_review
removed,roi_01,5295,roi_01/roi_01_frame_005295.jpg,not_target_blurry_or_low_quality_after_visual_review
removed,roi_01,5310,roi_01/roi_01_frame_005310.jpg,not_target_blurry_or_low_quality_after_visual_review
kept,roi_01,5325,roi_01/roi_01_frame_005325.jpg,valid_target_after_visual_review
kept,roi_01,5340,roi_01/roi_01_frame_005340.jpg,valid_target_after_visual_review
kept,roi_01,5355,roi_01/roi_01_frame_005355.jpg,valid_target_after_visual_review
kept,roi_01,5370,roi_01/roi_01_frame_005370.jpg,valid_target_after_visual_review
removed,roi_01,5385,roi_01/roi_01_frame_005385.jpg,not_target_blurry_or_low_quality_after_visual_review
removed,roi_01,5400,roi_01/roi_01_frame_005400.jpg,not_target_blurry_or_low_quality_after_visual_review
removed,roi_01,5415,roi_01/roi_01_frame_005415.jpg,not_target_blurry_or_low_quality_after_visual_review
removed,roi_01,5430,roi_01/roi_01_frame_005430.jpg,not_target_blurry_or_low_quality_after_visual_review
removed,roi_01,5445,roi_01/roi_01_frame_005445.jpg,not_target_blurry_or_low_quality_after_visual_review
removed,roi_01,5460,roi_01/roi_01_frame_005460.jpg,not_target_blurry_or_low_quality_after_visual_review
removed,roi_01,5475,roi_01/roi_01_frame_005475.jpg,not_target_blurry_or_low_quality_after_visual_review
removed,roi_01,5490,roi_01/roi_01_frame_005490.jpg,not_target_blurry_or_low_quality_after_visual_review
removed,roi_01,5505,roi_01/roi_01_frame_005505.jpg,not_target_blurry_or_low_quality_after_visual_review
removed,roi_01,5520,roi_01/roi_01_frame_005520.jpg,not_target_blurry_or_low_quality_after_visual_review
removed,roi_01,5535,roi_01/roi_01_frame_005535.jpg,not_target_blurry_or_low_quality_after_visual_review
removed,roi_01,5550,roi_01/roi_01_frame_005550.jpg,not_target_blurry_or_low_quality_after_visual_review
removed,roi_01,5565,roi_01/roi_01_frame_005565.jpg,not_target_blurry_or_low_quality_after_visual_review
removed,roi_01,5580,roi_01/roi_01_frame_005580.jpg,not_target_blurry_or_low_quality_after_visual_review
removed,roi_01,5595,roi_01/roi_01_frame_005595.jpg,not_target_blurry_or_low_quality_after_visual_review
removed,roi_01,5610,roi_01/roi_01_frame_005610.jpg,not_target_blurry_or_low_quality_after_visual_review
removed,roi_01,5625,roi_01/roi_01_frame_005625.jpg,not_target_blurry_or_low_quality_after_visual_review
removed,roi_01,5640,roi_01/roi_01_frame_005640.jpg,not_target_blurry_or_low_quality_after_visual_review
removed,roi_01,5655,roi_01/roi_01_frame_005655.jpg,not_target_blurry_or_low_quality_after_visual_review
removed,roi_01,5670,roi_01/roi_01_frame_005670.jpg,not_target_blurry_or_low_quality_after_visual_review
removed,roi_01,5685,roi_01/roi_01_frame_005685.jpg,not_target_blurry_or_low_quality_after_visual_review
removed,roi_01,5700,roi_01/roi_01_frame_005700.jpg,not_target_blurry_or_low_quality_after_visual_review
removed,roi_01,5715,roi_01/roi_01_frame_005715.jpg,not_target_blurry_or_low_quality_after_visual_review
removed,roi_01,5730,roi_01/roi_01_frame_005730.jpg,not_target_blurry_or_low_quality_after_visual_review
removed,roi_01,5745,roi_01/roi_01_frame_005745.jpg,not_target_blurry_or_low_quality_after_visual_review
removed,roi_01,5760,roi_01/roi_01_frame_005760.jpg,not_target_blurry_or_low_quality_after_visual_review
removed,roi_01,5775,roi_01/roi_01_frame_005775.jpg,not_target_blurry_or_low_quality_after_visual_review
removed,roi_01,5790,roi_01/roi_01_frame_005790.jpg,not_target_blurry_or_low_quality_after_visual_review
removed,roi_01,5805,roi_01/roi_01_frame_005805.jpg,not_target_blurry_or_low_quality_after_visual_review
removed,roi_01,5820,roi_01/roi_01_frame_005820.jpg,not_target_blurry_or_low_quality_after_visual_review
removed,roi_01,5835,roi_01/roi_01_frame_005835.jpg,not_target_blurry_or_low_quality_after_visual_review
removed,roi_01,5850,roi_01/roi_01_frame_005850.jpg,not_target_blurry_or_low_quality_after_visual_review
removed,roi_01,5865,roi_01/roi_01_frame_005865.jpg,not_target_blurry_or_low_quality_after_visual_review
removed,roi_01,5880,roi_01/roi_01_frame_005880.jpg,not_target_blurry_or_low_quality_after_visual_review
removed,roi_01,5895,roi_01/roi_01_frame_005895.jpg,not_target_blurry_or_low_quality_after_visual_review
removed,roi_01,5910,roi_01/roi_01_frame_005910.jpg,not_target_blurry_or_low_quality_after_visual_review
removed,roi_01,5925,roi_01/roi_01_frame_005925.jpg,not_target_blurry_or_low_quality_after_visual_review
removed,roi_01,5940,roi_01/roi_01_frame_005940.jpg,not_target_blurry_or_low_quality_after_visual_review
removed,roi_01,5955,roi_01/roi_01_frame_005955.jpg,not_target_blurry_or_low_quality_after_visual_review
removed,roi_01,5970,roi_01/roi_01_frame_005970.jpg,not_target_blurry_or_low_quality_after_visual_review
removed,roi_01,5985,roi_01/roi_01_frame_005985.jpg,not_target_blurry_or_low_quality_after_visual_review
removed,roi_01,6000,roi_01/roi_01_frame_006000.jpg,not_target_blurry_or_low_quality_after_visual_review
removed,roi_01,6015,roi_01/roi_01_frame_006015.jpg,not_target_blurry_or_low_quality_after_visual_review
removed,roi_01,6030,roi_01/roi_01_frame_006030.jpg,not_target_blurry_or_low_quality_after_visual_review
removed,roi_01,6045,roi_01/roi_01_frame_006045.jpg,not_target_blurry_or_low_quality_after_visual_review
removed,roi_01,6060,roi_01/roi_01_frame_006060.jpg,not_target_blurry_or_low_quality_after_visual_review
removed,roi_01,6075,roi_01/roi_01_frame_006075.jpg,not_target_blurry_or_low_quality_after_visual_review
removed,roi_01,6090,roi_01/roi_01_frame_006090.jpg,not_target_blurry_or_low_quality_after_visual_review
removed,roi_01,6105,roi_01/roi_01_frame_006105.jpg,not_target_blurry_or_low_quality_after_visual_review
removed,roi_01,6120,roi_01/roi_01_frame_006120.jpg,not_target_blurry_or_low_quality_after_visual_review
removed,roi_01,6135,roi_01/roi_01_frame_006135.jpg,not_target_blurry_or_low_quality_after_visual_review
removed,roi_01,6150,roi_01/roi_01_frame_006150.jpg,not_target_blurry_or_low_quality_after_visual_review
removed,roi_01,6165,roi_01/roi_01_frame_006165.jpg,not_target_blurry_or_low_quality_after_visual_review
removed,roi_01,6180,roi_01/roi_01_frame_006180.jpg,not_target_blurry_or_low_quality_after_visual_review
removed,roi_01,6195,roi_01/roi_01_frame_006195.jpg,not_target_blurry_or_low_quality_after_visual_review
removed,roi_01,6210,roi_01/roi_01_frame_006210.jpg,not_target_blurry_or_low_quality_after_visual_review
removed,roi_01,6225,roi_01/roi_01_frame_006225.jpg,not_target_blurry_or_low_quality_after_visual_review
removed,roi_01,6240,roi_01/roi_01_frame_006240.jpg,not_target_blurry_or_low_quality_after_visual_review
removed,roi_01,6255,roi_01/roi_01_frame_006255.jpg,not_target_blurry_or_low_quality_after_visual_review
removed,roi_01,6270,roi_01/roi_01_frame_006270.jpg,not_target_blurry_or_low_quality_after_visual_review
removed,roi_01,6285,roi_01/roi_01_frame_006285.jpg,not_target_blurry_or_low_quality_after_visual_review
removed,roi_01,6300,roi_01/roi_01_frame_006300.jpg,not_target_blurry_or_low_quality_after_visual_review
removed,roi_01,6315,roi_01/roi_01_frame_006315.jpg,not_target_blurry_or_low_quality_after_visual_review
removed,roi_01,6330,roi_01/roi_01_frame_006330.jpg,not_target_blurry_or_low_quality_after_visual_review
removed,roi_01,6345,roi_01/roi_01_frame_006345.jpg,not_target_blurry_or_low_quality_after_visual_review
removed,roi_01,6360,roi_01/roi_01_frame_006360.jpg,not_target_blurry_or_low_quality_after_visual_review
removed,roi_01,6375,roi_01/roi_01_frame_006375.jpg,not_target_blurry_or_low_quality_after_visual_review
removed,roi_01,6390,roi_01/roi_01_frame_006390.jpg,not_target_blurry_or_low_quality_after_visual_review
removed,roi_01,6405,roi_01/roi_01_frame_006405.jpg,not_target_blurry_or_low_quality_after_visual_review
removed,roi_01,6420,roi_01/roi_01_frame_006420.jpg,not_target_blurry_or_low_quality_after_visual_review
removed,roi_01,6435,roi_01/roi_01_frame_006435.jpg,not_target_blurry_or_low_quality_after_visual_review
removed,roi_01,6450,roi_01/roi_01_frame_006450.jpg,not_target_blurry_or_low_quality_after_visual_review
removed,roi_01,6465,roi_01/roi_01_frame_006465.jpg,not_target_blurry_or_low_quality_after_visual_review
kept,roi_01,6480,roi_01/roi_01_frame_006480.jpg,valid_target_after_visual_review
kept,roi_01,6495,roi_01/roi_01_frame_006495.jpg,valid_target_after_visual_review
kept,roi_01,6510,roi_01/roi_01_frame_006510.jpg,valid_target_after_visual_review
kept,roi_01,6525,roi_01/roi_01_frame_006525.jpg,valid_target_after_visual_review
kept,roi_01,6540,roi_01/roi_01_frame_006540.jpg,valid_target_after_visual_review
kept,roi_01,6555,roi_01/roi_01_frame_006555.jpg,valid_target_after_visual_review
kept,roi_01,6570,roi_01/roi_01_frame_006570.jpg,valid_target_after_visual_review
kept,roi_01,6585,roi_01/roi_01_frame_006585.jpg,valid_target_after_visual_review
kept,roi_01,6600,roi_01/roi_01_frame_006600.jpg,valid_target_after_visual_review
removed,roi_01,6615,roi_01/roi_01_frame_006615.jpg,not_target_blurry_or_low_quality_after_visual_review
removed,roi_01,6630,roi_01/roi_01_frame_006630.jpg,not_target_blurry_or_low_quality_after_visual_review
removed,roi_01,6645,roi_01/roi_01_frame_006645.jpg,not_target_blurry_or_low_quality_after_visual_review
removed,roi_01,6660,roi_01/roi_01_frame_006660.jpg,not_target_blurry_or_low_quality_after_visual_review
removed,roi_01,6675,roi_01/roi_01_frame_006675.jpg,not_target_blurry_or_low_quality_after_visual_review
removed,roi_02,0,roi_02/roi_02_frame_000000.jpg,not_target_blurry_or_low_quality_after_visual_review
removed,roi_02,15,roi_02/roi_02_frame_000015.jpg,not_target_blurry_or_low_quality_after_visual_review
removed,roi_02,30,roi_02/roi_02_frame_000030.jpg,not_target_blurry_or_low_quality_after_visual_review
removed,roi_02,45,roi_02/roi_02_frame_000045.jpg,not_target_blurry_or_low_quality_after_visual_review
kept,roi_02,60,roi_02/roi_02_frame_000060.jpg,valid_target_after_visual_review
kept,roi_02,75,roi_02/roi_02_frame_000075.jpg,valid_target_after_visual_review
kept,roi_02,90,roi_02/roi_02_frame_000090.jpg,valid_target_after_visual_review
kept,roi_02,105,roi_02/roi_02_frame_000105.jpg,valid_target_after_visual_review
kept,roi_02,120,roi_02/roi_02_frame_000120.jpg,valid_target_after_visual_review
kept,roi_02,135,roi_02/roi_02_frame_000135.jpg,valid_target_after_visual_review
kept,roi_02,150,roi_02/roi_02_frame_000150.jpg,valid_target_after_visual_review
kept,roi_02,165,roi_02/roi_02_frame_000165.jpg,valid_target_after_visual_review
kept,roi_02,180,roi_02/roi_02_frame_000180.jpg,valid_target_after_visual_review
removed,roi_02,195,roi_02/roi_02_frame_000195.jpg,not_target_blurry_or_low_quality_after_visual_review
removed,roi_02,210,roi_02/roi_02_frame_000210.jpg,not_target_blurry_or_low_quality_after_visual_review
removed,roi_02,225,roi_02/roi_02_frame_000225.jpg,not_target_blurry_or_low_quality_after_visual_review
removed,roi_02,240,roi_02/roi_02_frame_000240.jpg,not_target_blurry_or_low_quality_after_visual_review
removed,roi_02,255,roi_02/roi_02_frame_000255.jpg,not_target_blurry_or_low_quality_after_visual_review
removed,roi_02,270,roi_02/roi_02_frame_000270.jpg,not_target_blurry_or_low_quality_after_visual_review
removed,roi_02,285,roi_02/roi_02_frame_000285.jpg,not_target_blurry_or_low_quality_after_visual_review
removed,roi_02,300,roi_02/roi_02_frame_000300.jpg,not_target_blurry_or_low_quality_after_visual_review
removed,roi_02,315,roi_02/roi_02_frame_000315.jpg,not_target_blurry_or_low_quality_after_visual_review
removed,roi_02,330,roi_02/roi_02_frame_000330.jpg,not_target_blurry_or_low_quality_after_visual_review
removed,roi_02,345,roi_02/roi_02_frame_000345.jpg,not_target_blurry_or_low_quality_after_visual_review
removed,roi_02,360,roi_02/roi_02_frame_000360.jpg,not_target_blurry_or_low_quality_after_visual_review
removed,roi_02,375,roi_02/roi_02_frame_000375.jpg,not_target_blurry_or_low_quality_after_visual_review
removed,roi_02,390,roi_02/roi_02_frame_000390.jpg,not_target_blurry_or_low_quality_after_visual_review
removed,roi_02,405,roi_02/roi_02_frame_000405.jpg,not_target_blurry_or_low_quality_after_visual_review
removed,roi_02,420,roi_02/roi_02_frame_000420.jpg,not_target_blurry_or_low_quality_after_visual_review
removed,roi_02,435,roi_02/roi_02_frame_000435.jpg,not_target_blurry_or_low_quality_after_visual_review
removed,roi_02,450,roi_02/roi_02_frame_000450.jpg,not_target_blurry_or_low_quality_after_visual_review
removed,roi_02,465,roi_02/roi_02_frame_000465.jpg,not_target_blurry_or_low_quality_after_visual_review
removed,roi_02,480,roi_02/roi_02_frame_000480.jpg,not_target_blurry_or_low_quality_after_visual_review
removed,roi_02,495,roi_02/roi_02_frame_000495.jpg,not_target_blurry_or_low_quality_after_visual_review
removed,roi_02,510,roi_02/roi_02_frame_000510.jpg,not_target_blurry_or_low_quality_after_visual_review
removed,roi_02,525,roi_02/roi_02_frame_000525.jpg,not_target_blurry_or_low_quality_after_visual_review
removed,roi_02,540,roi_02/roi_02_frame_000540.jpg,not_target_blurry_or_low_quality_after_visual_review
removed,roi_02,555,roi_02/roi_02_frame_000555.jpg,not_target_blurry_or_low_quality_after_visual_review
removed,roi_02,570,roi_02/roi_02_frame_000570.jpg,not_target_blurry_or_low_quality_after_visual_review
removed,roi_02,585,roi_02/roi_02_frame_000585.jpg,not_target_blurry_or_low_quality_after_visual_review
removed,roi_02,600,roi_02/roi_02_frame_000600.jpg,not_target_blurry_or_low_quality_after_visual_review
removed,roi_02,615,roi_02/roi_02_frame_000615.jpg,not_target_blurry_or_low_quality_after_visual_review
removed,roi_02,630,roi_02/roi_02_frame_000630.jpg,not_target_blurry_or_low_quality_after_visual_review
removed,roi_02,645,roi_02/roi_02_frame_000645.jpg,not_target_blurry_or_low_quality_after_visual_review
removed,roi_02,660,roi_02/roi_02_frame_000660.jpg,not_target_blurry_or_low_quality_after_visual_review
removed,roi_02,675,roi_02/roi_02_frame_000675.jpg,not_target_blurry_or_low_quality_after_visual_review
removed,roi_02,690,roi_02/roi_02_frame_000690.jpg,not_target_blurry_or_low_quality_after_visual_review
removed,roi_02,705,roi_02/roi_02_frame_000705.jpg,not_target_blurry_or_low_quality_after_visual_review
removed,roi_02,720,roi_02/roi_02_frame_000720.jpg,not_target_blurry_or_low_quality_after_visual_review
removed,roi_02,735,roi_02/roi_02_frame_000735.jpg,not_target_blurry_or_low_quality_after_visual_review
removed,roi_02,750,roi_02/roi_02_frame_000750.jpg,not_target_blurry_or_low_quality_after_visual_review
removed,roi_02,765,roi_02/roi_02_frame_000765.jpg,not_target_blurry_or_low_quality_after_visual_review
removed,roi_02,780,roi_02/roi_02_frame_000780.jpg,not_target_blurry_or_low_quality_after_visual_review
removed,roi_02,795,roi_02/roi_02_frame_000795.jpg,not_target_blurry_or_low_quality_after_visual_review
removed,roi_02,810,roi_02/roi_02_frame_000810.jpg,not_target_blurry_or_low_quality_after_visual_review
removed,roi_02,825,roi_02/roi_02_frame_000825.jpg,not_target_blurry_or_low_quality_after_visual_review
removed,roi_02,840,roi_02/roi_02_frame_000840.jpg,not_target_blurry_or_low_quality_after_visual_review
removed,roi_02,855,roi_02/roi_02_frame_000855.jpg,not_target_blurry_or_low_quality_after_visual_review
removed,roi_02,870,roi_02/roi_02_frame_000870.jpg,not_target_blurry_or_low_quality_after_visual_review
removed,roi_02,885,roi_02/roi_02_frame_000885.jpg,not_target_blurry_or_low_quality_after_visual_review
kept,roi_02,900,roi_02/roi_02_frame_000900.jpg,valid_target_after_visual_review
kept,roi_02,915,roi_02/roi_02_frame_000915.jpg,valid_target_after_visual_review
kept,roi_02,930,roi_02/roi_02_frame_000930.jpg,valid_target_after_visual_review
removed,roi_02,945,roi_02/roi_02_frame_000945.jpg,not_target_blurry_or_low_quality_after_visual_review
removed,roi_02,960,roi_02/roi_02_frame_000960.jpg,not_target_blurry_or_low_quality_after_visual_review
kept,roi_02,975,roi_02/roi_02_frame_000975.jpg,valid_target_after_visual_review
removed,roi_02,990,roi_02/roi_02_frame_000990.jpg,not_target_blurry_or_low_quality_after_visual_review
removed,roi_02,1005,roi_02/roi_02_frame_001005.jpg,not_target_blurry_or_low_quality_after_visual_review
removed,roi_02,1020,roi_02/roi_02_frame_001020.jpg,not_target_blurry_or_low_quality_after_visual_review
removed,roi_02,1035,roi_02/roi_02_frame_001035.jpg,not_target_blurry_or_low_quality_after_visual_review
removed,roi_02,1050,roi_02/roi_02_frame_001050.jpg,not_target_blurry_or_low_quality_after_visual_review
removed,roi_02,1065,roi_02/roi_02_frame_001065.jpg,not_target_blurry_or_low_quality_after_visual_review
removed,roi_02,1080,roi_02/roi_02_frame_001080.jpg,not_target_blurry_or_low_quality_after_visual_review
removed,roi_02,1095,roi_02/roi_02_frame_001095.jpg,not_target_blurry_or_low_quality_after_visual_review
removed,roi_02,1110,roi_02/roi_02_frame_001110.jpg,not_target_blurry_or_low_quality_after_visual_review
removed,roi_02,1125,roi_02/roi_02_frame_001125.jpg,not_target_blurry_or_low_quality_after_visual_review
removed,roi_02,1140,roi_02/roi_02_frame_001140.jpg,not_target_blurry_or_low_quality_after_visual_review
removed,roi_02,1155,roi_02/roi_02_frame_001155.jpg,not_target_blurry_or_low_quality_after_visual_review
removed,roi_02,1170,roi_02/roi_02_frame_001170.jpg,not_target_blurry_or_low_quality_after_visual_review
removed,roi_02,1185,roi_02/roi_02_frame_001185.jpg,not_target_blurry_or_low_quality_after_visual_review
removed,roi_02,1200,roi_02/roi_02_frame_001200.jpg,not_target_blurry_or_low_quality_after_visual_review
removed,roi_02,1215,roi_02/roi_02_frame_001215.jpg,not_target_blurry_or_low_quality_after_visual_review
removed,roi_02,1230,roi_02/roi_02_frame_001230.jpg,not_target_blurry_or_low_quality_after_visual_review
removed,roi_02,1245,roi_02/roi_02_frame_001245.jpg,not_target_blurry_or_low_quality_after_visual_review
removed,roi_02,1260,roi_02/roi_02_frame_001260.jpg,not_target_blurry_or_low_quality_after_visual_review
removed,roi_02,1275,roi_02/roi_02_frame_001275.jpg,not_target_blurry_or_low_quality_after_visual_review
removed,roi_02,1290,roi_02/roi_02_frame_001290.jpg,not_target_blurry_or_low_quality_after_visual_review
removed,roi_02,1305,roi_02/roi_02_frame_001305.jpg,not_target_blurry_or_low_quality_after_visual_review
removed,roi_02,1320,roi_02/roi_02_frame_001320.jpg,not_target_blurry_or_low_quality_after_visual_review
removed,roi_02,1335,roi_02/roi_02_frame_001335.jpg,not_target_blurry_or_low_quality_after_visual_review
removed,roi_02,1350,roi_02/roi_02_frame_001350.jpg,not_target_blurry_or_low_quality_after_visual_review
removed,roi_02,1365,roi_02/roi_02_frame_001365.jpg,not_target_blurry_or_low_quality_after_visual_review
removed,roi_02,1380,roi_02/roi_02_frame_001380.jpg,not_target_blurry_or_low_quality_after_visual_review
removed,roi_02,1395,roi_02/roi_02_frame_001395.jpg,not_target_blurry_or_low_quality_after_visual_review
removed,roi_02,1410,roi_02/roi_02_frame_001410.jpg,not_target_blurry_or_low_quality_after_visual_review
removed,roi_02,1425,roi_02/roi_02_frame_001425.jpg,not_target_blurry_or_low_quality_after_visual_review
removed,roi_02,1440,roi_02/roi_02_frame_001440.jpg,not_target_blurry_or_low_quality_after_visual_review
removed,roi_02,1455,roi_02/roi_02_frame_001455.jpg,not_target_blurry_or_low_quality_after_visual_review
removed,roi_02,1470,roi_02/roi_02_frame_001470.jpg,not_target_blurry_or_low_quality_after_visual_review
removed,roi_02,1485,roi_02/roi_02_frame_001485.jpg,not_target_blurry_or_low_quality_after_visual_review
removed,roi_02,1500,roi_02/roi_02_frame_001500.jpg,not_target_blurry_or_low_quality_after_visual_review
removed,roi_02,1515,roi_02/roi_02_frame_001515.jpg,not_target_blurry_or_low_quality_after_visual_review
removed,roi_02,1530,roi_02/roi_02_frame_001530.jpg,not_target_blurry_or_low_quality_after_visual_review
removed,roi_02,1545,roi_02/roi_02_frame_001545.jpg,not_target_blurry_or_low_quality_after_visual_review
removed,roi_02,1560,roi_02/roi_02_frame_001560.jpg,not_target_blurry_or_low_quality_after_visual_review
removed,roi_02,1575,roi_02/roi_02_frame_001575.jpg,not_target_blurry_or_low_quality_after_visual_review
removed,roi_02,1590,roi_02/roi_02_frame_001590.jpg,not_target_blurry_or_low_quality_after_visual_review
removed,roi_02,1605,roi_02/roi_02_frame_001605.jpg,not_target_blurry_or_low_quality_after_visual_review
removed,roi_02,1620,roi_02/roi_02_frame_001620.jpg,not_target_blurry_or_low_quality_after_visual_review
removed,roi_02,1635,roi_02/roi_02_frame_001635.jpg,not_target_blurry_or_low_quality_after_visual_review
removed,roi_02,1650,roi_02/roi_02_frame_001650.jpg,not_target_blurry_or_low_quality_after_visual_review
removed,roi_02,1665,roi_02/roi_02_frame_001665.jpg,not_target_blurry_or_low_quality_after_visual_review
removed,roi_02,1680,roi_02/roi_02_frame_001680.jpg,not_target_blurry_or_low_quality_after_visual_review
removed,roi_02,1695,roi_02/roi_02_frame_001695.jpg,not_target_blurry_or_low_quality_after_visual_review
removed,roi_02,1710,roi_02/roi_02_frame_001710.jpg,not_target_blurry_or_low_quality_after_visual_review
removed,roi_02,1725,roi_02/roi_02_frame_001725.jpg,not_target_blurry_or_low_quality_after_visual_review
removed,roi_02,1740,roi_02/roi_02_frame_001740.jpg,not_target_blurry_or_low_quality_after_visual_review
removed,roi_02,1755,roi_02/roi_02_frame_001755.jpg,not_target_blurry_or_low_quality_after_visual_review
removed,roi_02,1770,roi_02/roi_02_frame_001770.jpg,not_target_blurry_or_low_quality_after_visual_review
removed,roi_02,1785,roi_02/roi_02_frame_001785.jpg,not_target_blurry_or_low_quality_after_visual_review
removed,roi_02,1800,roi_02/roi_02_frame_001800.jpg,not_target_blurry_or_low_quality_after_visual_review
removed,roi_02,1815,roi_02/roi_02_frame_001815.jpg,not_target_blurry_or_low_quality_after_visual_review
removed,roi_02,1830,roi_02/roi_02_frame_001830.jpg,not_target_blurry_or_low_quality_after_visual_review
kept,roi_02,1845,roi_02/roi_02_frame_001845.jpg,valid_target_after_visual_review
removed,roi_02,1860,roi_02/roi_02_frame_001860.jpg,not_target_blurry_or_low_quality_after_visual_review
removed,roi_02,1875,roi_02/roi_02_frame_001875.jpg,not_target_blurry_or_low_quality_after_visual_review
removed,roi_02,1890,roi_02/roi_02_frame_001890.jpg,not_target_blurry_or_low_quality_after_visual_review
removed,roi_02,1905,roi_02/roi_02_frame_001905.jpg,not_target_blurry_or_low_quality_after_visual_review
removed,roi_02,1920,roi_02/roi_02_frame_001920.jpg,not_target_blurry_or_low_quality_after_visual_review
removed,roi_02,1935,roi_02/roi_02_frame_001935.jpg,not_target_blurry_or_low_quality_after_visual_review
removed,roi_02,1950,roi_02/roi_02_frame_001950.jpg,not_target_blurry_or_low_quality_after_visual_review
removed,roi_02,1965,roi_02/roi_02_frame_001965.jpg,not_target_blurry_or_low_quality_after_visual_review
kept,roi_02,1980,roi_02/roi_02_frame_001980.jpg,valid_target_after_visual_review
removed,roi_02,1995,roi_02/roi_02_frame_001995.jpg,not_target_blurry_or_low_quality_after_visual_review
removed,roi_02,2010,roi_02/roi_02_frame_002010.jpg,not_target_blurry_or_low_quality_after_visual_review
removed,roi_02,2025,roi_02/roi_02_frame_002025.jpg,not_target_blurry_or_low_quality_after_visual_review
removed,roi_02,2040,roi_02/roi_02_frame_002040.jpg,not_target_blurry_or_low_quality_after_visual_review
removed,roi_02,2055,roi_02/roi_02_frame_002055.jpg,not_target_blurry_or_low_quality_after_visual_review
removed,roi_02,2070,roi_02/roi_02_frame_002070.jpg,not_target_blurry_or_low_quality_after_visual_review
removed,roi_02,2085,roi_02/roi_02_frame_002085.jpg,not_target_blurry_or_low_quality_after_visual_review
removed,roi_02,2100,roi_02/roi_02_frame_002100.jpg,not_target_blurry_or_low_quality_after_visual_review
removed,roi_02,2115,roi_02/roi_02_frame_002115.jpg,not_target_blurry_or_low_quality_after_visual_review
removed,roi_02,2130,roi_02/roi_02_frame_002130.jpg,not_target_blurry_or_low_quality_after_visual_review
removed,roi_02,2145,roi_02/roi_02_frame_002145.jpg,not_target_blurry_or_low_quality_after_visual_review
removed,roi_02,2160,roi_02/roi_02_frame_002160.jpg,not_target_blurry_or_low_quality_after_visual_review
removed,roi_02,2175,roi_02/roi_02_frame_002175.jpg,not_target_blurry_or_low_quality_after_visual_review
removed,roi_02,2190,roi_02/roi_02_frame_002190.jpg,not_target_blurry_or_low_quality_after_visual_review
removed,roi_02,2205,roi_02/roi_02_frame_002205.jpg,not_target_blurry_or_low_quality_after_visual_review
removed,roi_02,2220,roi_02/roi_02_frame_002220.jpg,not_target_blurry_or_low_quality_after_visual_review
removed,roi_02,2235,roi_02/roi_02_frame_002235.jpg,not_target_blurry_or_low_quality_after_visual_review
removed,roi_02,2250,roi_02/roi_02_frame_002250.jpg,not_target_blurry_or_low_quality_after_visual_review
removed,roi_02,2265,roi_02/roi_02_frame_002265.jpg,not_target_blurry_or_low_quality_after_visual_review
removed,roi_02,2280,roi_02/roi_02_frame_002280.jpg,not_target_blurry_or_low_quality_after_visual_review
removed,roi_02,2295,roi_02/roi_02_frame_002295.jpg,not_target_blurry_or_low_quality_after_visual_review
removed,roi_02,2310,roi_02/roi_02_frame_002310.jpg,not_target_blurry_or_low_quality_after_visual_review
removed,roi_02,2325,roi_02/roi_02_frame_002325.jpg,not_target_blurry_or_low_quality_after_visual_review
removed,roi_02,2340,roi_02/roi_02_frame_002340.jpg,not_target_blurry_or_low_quality_after_visual_review
removed,roi_02,2355,roi_02/roi_02_frame_002355.jpg,not_target_blurry_or_low_quality_after_visual_review
removed,roi_02,2370,roi_02/roi_02_frame_002370.jpg,not_target_blurry_or_low_quality_after_visual_review
removed,roi_02,2385,roi_02/roi_02_frame_002385.jpg,not_target_blurry_or_low_quality_after_visual_review
removed,roi_02,2400,roi_02/roi_02_frame_002400.jpg,not_target_blurry_or_low_quality_after_visual_review
removed,roi_02,2415,roi_02/roi_02_frame_002415.jpg,not_target_blurry_or_low_quality_after_visual_review
removed,roi_02,2430,roi_02/roi_02_frame_002430.jpg,not_target_blurry_or_low_quality_after_visual_review
removed,roi_02,2445,roi_02/roi_02_frame_002445.jpg,not_target_blurry_or_low_quality_after_visual_review
removed,roi_02,2460,roi_02/roi_02_frame_002460.jpg,not_target_blurry_or_low_quality_after_visual_review
removed,roi_02,2475,roi_02/roi_02_frame_002475.jpg,not_target_blurry_or_low_quality_after_visual_review
removed,roi_02,2490,roi_02/roi_02_frame_002490.jpg,not_target_blurry_or_low_quality_after_visual_review
removed,roi_02,2505,roi_02/roi_02_frame_002505.jpg,not_target_blurry_or_low_quality_after_visual_review
removed,roi_02,2520,roi_02/roi_02_frame_002520.jpg,not_target_blurry_or_low_quality_after_visual_review
removed,roi_02,2535,roi_02/roi_02_frame_002535.jpg,not_target_blurry_or_low_quality_after_visual_review
removed,roi_02,2550,roi_02/roi_02_frame_002550.jpg,not_target_blurry_or_low_quality_after_visual_review
removed,roi_02,2565,roi_02/roi_02_frame_002565.jpg,not_target_blurry_or_low_quality_after_visual_review
removed,roi_02,2580,roi_02/roi_02_frame_002580.jpg,not_target_blurry_or_low_quality_after_visual_review
removed,roi_02,2595,roi_02/roi_02_frame_002595.jpg,not_target_blurry_or_low_quality_after_visual_review
kept,roi_02,2610,roi_02/roi_02_frame_002610.jpg,valid_target_after_visual_review
removed,roi_02,2625,roi_02/roi_02_frame_002625.jpg,not_target_blurry_or_low_quality_after_visual_review
removed,roi_02,2640,roi_02/roi_02_frame_002640.jpg,not_target_blurry_or_low_quality_after_visual_review
removed,roi_02,2655,roi_02/roi_02_frame_002655.jpg,not_target_blurry_or_low_quality_after_visual_review
removed,roi_02,2670,roi_02/roi_02_frame_002670.jpg,not_target_blurry_or_low_quality_after_visual_review
removed,roi_02,2685,roi_02/roi_02_frame_002685.jpg,not_target_blurry_or_low_quality_after_visual_review
removed,roi_02,2700,roi_02/roi_02_frame_002700.jpg,not_target_blurry_or_low_quality_after_visual_review
removed,roi_02,2715,roi_02/roi_02_frame_002715.jpg,not_target_blurry_or_low_quality_after_visual_review
removed,roi_02,2730,roi_02/roi_02_frame_002730.jpg,not_target_blurry_or_low_quality_after_visual_review
removed,roi_02,2745,roi_02/roi_02_frame_002745.jpg,not_target_blurry_or_low_quality_after_visual_review
removed,roi_02,2760,roi_02/roi_02_frame_002760.jpg,not_target_blurry_or_low_quality_after_visual_review
removed,roi_02,2775,roi_02/roi_02_frame_002775.jpg,not_target_blurry_or_low_quality_after_visual_review
removed,roi_02,2790,roi_02/roi_02_frame_002790.jpg,not_target_blurry_or_low_quality_after_visual_review
removed,roi_02,2805,roi_02/roi_02_frame_002805.jpg,not_target_blurry_or_low_quality_after_visual_review
removed,roi_02,2820,roi_02/roi_02_frame_002820.jpg,not_target_blurry_or_low_quality_after_visual_review
removed,roi_02,2835,roi_02/roi_02_frame_002835.jpg,not_target_blurry_or_low_quality_after_visual_review
removed,roi_02,2850,roi_02/roi_02_frame_002850.jpg,not_target_blurry_or_low_quality_after_visual_review
removed,roi_02,2865,roi_02/roi_02_frame_002865.jpg,not_target_blurry_or_low_quality_after_visual_review
removed,roi_02,2880,roi_02/roi_02_frame_002880.jpg,not_target_blurry_or_low_quality_after_visual_review
removed,roi_02,2895,roi_02/roi_02_frame_002895.jpg,not_target_blurry_or_low_quality_after_visual_review
removed,roi_02,2910,roi_02/roi_02_frame_002910.jpg,not_target_blurry_or_low_quality_after_visual_review
removed,roi_02,2925,roi_02/roi_02_frame_002925.jpg,not_target_blurry_or_low_quality_after_visual_review
removed,roi_02,2940,roi_02/roi_02_frame_002940.jpg,not_target_blurry_or_low_quality_after_visual_review
removed,roi_02,2955,roi_02/roi_02_frame_002955.jpg,not_target_blurry_or_low_quality_after_visual_review
removed,roi_02,2970,roi_02/roi_02_frame_002970.jpg,not_target_blurry_or_low_quality_after_visual_review
removed,roi_02,2985,roi_02/roi_02_frame_002985.jpg,not_target_blurry_or_low_quality_after_visual_review
removed,roi_02,3000,roi_02/roi_02_frame_003000.jpg,not_target_blurry_or_low_quality_after_visual_review
removed,roi_02,3015,roi_02/roi_02_frame_003015.jpg,not_target_blurry_or_low_quality_after_visual_review
removed,roi_02,3030,roi_02/roi_02_frame_003030.jpg,not_target_blurry_or_low_quality_after_visual_review
removed,roi_02,3045,roi_02/roi_02_frame_003045.jpg,not_target_blurry_or_low_quality_after_visual_review
removed,roi_02,3060,roi_02/roi_02_frame_003060.jpg,not_target_blurry_or_low_quality_after_visual_review
removed,roi_02,3075,roi_02/roi_02_frame_003075.jpg,not_target_blurry_or_low_quality_after_visual_review
removed,roi_02,3090,roi_02/roi_02_frame_003090.jpg,not_target_blurry_or_low_quality_after_visual_review
removed,roi_02,3105,roi_02/roi_02_frame_003105.jpg,not_target_blurry_or_low_quality_after_visual_review
removed,roi_02,3120,roi_02/roi_02_frame_003120.jpg,not_target_blurry_or_low_quality_after_visual_review
removed,roi_02,3135,roi_02/roi_02_frame_003135.jpg,not_target_blurry_or_low_quality_after_visual_review
removed,roi_02,3150,roi_02/roi_02_frame_003150.jpg,not_target_blurry_or_low_quality_after_visual_review
removed,roi_02,3165,roi_02/roi_02_frame_003165.jpg,not_target_blurry_or_low_quality_after_visual_review
removed,roi_02,3180,roi_02/roi_02_frame_003180.jpg,not_target_blurry_or_low_quality_after_visual_review
removed,roi_02,3195,roi_02/roi_02_frame_003195.jpg,not_target_blurry_or_low_quality_after_visual_review
removed,roi_02,3210,roi_02/roi_02_frame_003210.jpg,not_target_blurry_or_low_quality_after_visual_review
removed,roi_02,3225,roi_02/roi_02_frame_003225.jpg,not_target_blurry_or_low_quality_after_visual_review
removed,roi_02,3240,roi_02/roi_02_frame_003240.jpg,not_target_blurry_or_low_quality_after_visual_review
removed,roi_02,3255,roi_02/roi_02_frame_003255.jpg,not_target_blurry_or_low_quality_after_visual_review
removed,roi_02,3270,roi_02/roi_02_frame_003270.jpg,not_target_blurry_or_low_quality_after_visual_review
removed,roi_02,3285,roi_02/roi_02_frame_003285.jpg,not_target_blurry_or_low_quality_after_visual_review
kept,roi_02,3300,roi_02/roi_02_frame_003300.jpg,valid_target_after_visual_review
removed,roi_02,3315,roi_02/roi_02_frame_003315.jpg,not_target_blurry_or_low_quality_after_visual_review
removed,roi_02,3330,roi_02/roi_02_frame_003330.jpg,not_target_blurry_or_low_quality_after_visual_review
removed,roi_02,3345,roi_02/roi_02_frame_003345.jpg,not_target_blurry_or_low_quality_after_visual_review
removed,roi_02,3360,roi_02/roi_02_frame_003360.jpg,not_target_blurry_or_low_quality_after_visual_review
removed,roi_02,3375,roi_02/roi_02_frame_003375.jpg,not_target_blurry_or_low_quality_after_visual_review
removed,roi_02,3390,roi_02/roi_02_frame_003390.jpg,not_target_blurry_or_low_quality_after_visual_review
removed,roi_02,3405,roi_02/roi_02_frame_003405.jpg,not_target_blurry_or_low_quality_after_visual_review
removed,roi_02,3420,roi_02/roi_02_frame_003420.jpg,not_target_blurry_or_low_quality_after_visual_review
removed,roi_02,3435,roi_02/roi_02_frame_003435.jpg,not_target_blurry_or_low_quality_after_visual_review
removed,roi_02,3450,roi_02/roi_02_frame_003450.jpg,not_target_blurry_or_low_quality_after_visual_review
removed,roi_02,3465,roi_02/roi_02_frame_003465.jpg,not_target_blurry_or_low_quality_after_visual_review
kept,roi_02,3480,roi_02/roi_02_frame_003480.jpg,valid_target_after_visual_review
kept,roi_02,3495,roi_02/roi_02_frame_003495.jpg,valid_target_after_visual_review
kept,roi_02,3510,roi_02/roi_02_frame_003510.jpg,valid_target_after_visual_review
removed,roi_02,3525,roi_02/roi_02_frame_003525.jpg,not_target_blurry_or_low_quality_after_visual_review
removed,roi_02,3540,roi_02/roi_02_frame_003540.jpg,not_target_blurry_or_low_quality_after_visual_review
removed,roi_02,3555,roi_02/roi_02_frame_003555.jpg,not_target_blurry_or_low_quality_after_visual_review
removed,roi_02,3570,roi_02/roi_02_frame_003570.jpg,not_target_blurry_or_low_quality_after_visual_review
removed,roi_02,3585,roi_02/roi_02_frame_003585.jpg,not_target_blurry_or_low_quality_after_visual_review
removed,roi_02,3600,roi_02/roi_02_frame_003600.jpg,not_target_blurry_or_low_quality_after_visual_review
removed,roi_02,3615,roi_02/roi_02_frame_003615.jpg,not_target_blurry_or_low_quality_after_visual_review
removed,roi_02,3630,roi_02/roi_02_frame_003630.jpg,not_target_blurry_or_low_quality_after_visual_review
removed,roi_02,3645,roi_02/roi_02_frame_003645.jpg,not_target_blurry_or_low_quality_after_visual_review
removed,roi_02,3660,roi_02/roi_02_frame_003660.jpg,not_target_blurry_or_low_quality_after_visual_review
removed,roi_02,3675,roi_02/roi_02_frame_003675.jpg,not_target_blurry_or_low_quality_after_visual_review
removed,roi_02,3690,roi_02/roi_02_frame_003690.jpg,not_target_blurry_or_low_quality_after_visual_review
removed,roi_02,3705,roi_02/roi_02_frame_003705.jpg,not_target_blurry_or_low_quality_after_visual_review
removed,roi_02,3720,roi_02/roi_02_frame_003720.jpg,not_target_blurry_or_low_quality_after_visual_review
removed,roi_02,3735,roi_02/roi_02_frame_003735.jpg,not_target_blurry_or_low_quality_after_visual_review
removed,roi_02,3750,roi_02/roi_02_frame_003750.jpg,not_target_blurry_or_low_quality_after_visual_review
removed,roi_02,3765,roi_02/roi_02_frame_003765.jpg,not_target_blurry_or_low_quality_after_visual_review
removed,roi_02,3780,roi_02/roi_02_frame_003780.jpg,not_target_blurry_or_low_quality_after_visual_review
removed,roi_02,3795,roi_02/roi_02_frame_003795.jpg,not_target_blurry_or_low_quality_after_visual_review
removed,roi_02,3810,roi_02/roi_02_frame_003810.jpg,not_target_blurry_or_low_quality_after_visual_review
removed,roi_02,3825,roi_02/roi_02_frame_003825.jpg,not_target_blurry_or_low_quality_after_visual_review
removed,roi_02,3840,roi_02/roi_02_frame_003840.jpg,not_target_blurry_or_low_quality_after_visual_review
removed,roi_02,3855,roi_02/roi_02_frame_003855.jpg,not_target_blurry_or_low_quality_after_visual_review
removed,roi_02,3870,roi_02/roi_02_frame_003870.jpg,not_target_blurry_or_low_quality_after_visual_review
removed,roi_02,3885,roi_02/roi_02_frame_003885.jpg,not_target_blurry_or_low_quality_after_visual_review
removed,roi_02,3900,roi_02/roi_02_frame_003900.jpg,not_target_blurry_or_low_quality_after_visual_review
removed,roi_02,3915,roi_02/roi_02_frame_003915.jpg,not_target_blurry_or_low_quality_after_visual_review
removed,roi_02,3930,roi_02/roi_02_frame_003930.jpg,not_target_blurry_or_low_quality_after_visual_review
removed,roi_02,3945,roi_02/roi_02_frame_003945.jpg,not_target_blurry_or_low_quality_after_visual_review
removed,roi_02,3960,roi_02/roi_02_frame_003960.jpg,not_target_blurry_or_low_quality_after_visual_review
removed,roi_02,3975,roi_02/roi_02_frame_003975.jpg,not_target_blurry_or_low_quality_after_visual_review
removed,roi_02,3990,roi_02/roi_02_frame_003990.jpg,not_target_blurry_or_low_quality_after_visual_review
removed,roi_02,4005,roi_02/roi_02_frame_004005.jpg,not_target_blurry_or_low_quality_after_visual_review
removed,roi_02,4020,roi_02/roi_02_frame_004020.jpg,not_target_blurry_or_low_quality_after_visual_review
removed,roi_02,4035,roi_02/roi_02_frame_004035.jpg,not_target_blurry_or_low_quality_after_visual_review
removed,roi_02,4050,roi_02/roi_02_frame_004050.jpg,not_target_blurry_or_low_quality_after_visual_review
removed,roi_02,4065,roi_02/roi_02_frame_004065.jpg,not_target_blurry_or_low_quality_after_visual_review
removed,roi_02,4080,roi_02/roi_02_frame_004080.jpg,not_target_blurry_or_low_quality_after_visual_review
removed,roi_02,4095,roi_02/roi_02_frame_004095.jpg,not_target_blurry_or_low_quality_after_visual_review
removed,roi_02,4110,roi_02/roi_02_frame_004110.jpg,not_target_blurry_or_low_quality_after_visual_review
removed,roi_02,4125,roi_02/roi_02_frame_004125.jpg,not_target_blurry_or_low_quality_after_visual_review
kept,roi_02,4140,roi_02/roi_02_frame_004140.jpg,valid_target_after_visual_review
removed,roi_02,4155,roi_02/roi_02_frame_004155.jpg,not_target_blurry_or_low_quality_after_visual_review
kept,roi_02,4170,roi_02/roi_02_frame_004170.jpg,valid_target_after_visual_review
kept,roi_02,4185,roi_02/roi_02_frame_004185.jpg,valid_target_after_visual_review
removed,roi_02,4200,roi_02/roi_02_frame_004200.jpg,not_target_blurry_or_low_quality_after_visual_review
removed,roi_02,4215,roi_02/roi_02_frame_004215.jpg,not_target_blurry_or_low_quality_after_visual_review
removed,roi_02,4230,roi_02/roi_02_frame_004230.jpg,not_target_blurry_or_low_quality_after_visual_review
removed,roi_02,4245,roi_02/roi_02_frame_004245.jpg,not_target_blurry_or_low_quality_after_visual_review
kept,roi_02,4260,roi_02/roi_02_frame_004260.jpg,valid_target_after_visual_review
removed,roi_02,4275,roi_02/roi_02_frame_004275.jpg,not_target_blurry_or_low_quality_after_visual_review
removed,roi_02,4290,roi_02/roi_02_frame_004290.jpg,not_target_blurry_or_low_quality_after_visual_review
removed,roi_02,4305,roi_02/roi_02_frame_004305.jpg,not_target_blurry_or_low_quality_after_visual_review
removed,roi_02,4320,roi_02/roi_02_frame_004320.jpg,not_target_blurry_or_low_quality_after_visual_review
removed,roi_02,4335,roi_02/roi_02_frame_004335.jpg,not_target_blurry_or_low_quality_after_visual_review
removed,roi_02,4350,roi_02/roi_02_frame_004350.jpg,not_target_blurry_or_low_quality_after_visual_review
removed,roi_02,4365,roi_02/roi_02_frame_004365.jpg,not_target_blurry_or_low_quality_after_visual_review
removed,roi_02,4380,roi_02/roi_02_frame_004380.jpg,not_target_blurry_or_low_quality_after_visual_review
removed,roi_02,4395,roi_02/roi_02_frame_004395.jpg,not_target_blurry_or_low_quality_after_visual_review
removed,roi_02,4410,roi_02/roi_02_frame_004410.jpg,not_target_blurry_or_low_quality_after_visual_review
kept,roi_02,4425,roi_02/roi_02_frame_004425.jpg,valid_target_after_visual_review
removed,roi_02,4440,roi_02/roi_02_frame_004440.jpg,not_target_blurry_or_low_quality_after_visual_review
removed,roi_02,4455,roi_02/roi_02_frame_004455.jpg,not_target_blurry_or_low_quality_after_visual_review
removed,roi_02,4470,roi_02/roi_02_frame_004470.jpg,not_target_blurry_or_low_quality_after_visual_review
removed,roi_02,4485,roi_02/roi_02_frame_004485.jpg,not_target_blurry_or_low_quality_after_visual_review
removed,roi_02,4500,roi_02/roi_02_frame_004500.jpg,not_target_blurry_or_low_quality_after_visual_review
removed,roi_02,4515,roi_02/roi_02_frame_004515.jpg,not_target_blurry_or_low_quality_after_visual_review
removed,roi_02,4530,roi_02/roi_02_frame_004530.jpg,not_target_blurry_or_low_quality_after_visual_review
removed,roi_02,4545,roi_02/roi_02_frame_004545.jpg,not_target_blurry_or_low_quality_after_visual_review
removed,roi_02,4560,roi_02/roi_02_frame_004560.jpg,not_target_blurry_or_low_quality_after_visual_review
removed,roi_02,4575,roi_02/roi_02_frame_004575.jpg,not_target_blurry_or_low_quality_after_visual_review
removed,roi_02,4590,roi_02/roi_02_frame_004590.jpg,not_target_blurry_or_low_quality_after_visual_review
removed,roi_02,4605,roi_02/roi_02_frame_004605.jpg,not_target_blurry_or_low_quality_after_visual_review
removed,roi_02,4620,roi_02/roi_02_frame_004620.jpg,not_target_blurry_or_low_quality_after_visual_review
removed,roi_02,4635,roi_02/roi_02_frame_004635.jpg,not_target_blurry_or_low_quality_after_visual_review
removed,roi_02,4650,roi_02/roi_02_frame_004650.jpg,not_target_blurry_or_low_quality_after_visual_review
removed,roi_02,4665,roi_02/roi_02_frame_004665.jpg,not_target_blurry_or_low_quality_after_visual_review
removed,roi_02,4680,roi_02/roi_02_frame_004680.jpg,not_target_blurry_or_low_quality_after_visual_review
removed,roi_02,4695,roi_02/roi_02_frame_004695.jpg,not_target_blurry_or_low_quality_after_visual_review
removed,roi_02,4710,roi_02/roi_02_frame_004710.jpg,not_target_blurry_or_low_quality_after_visual_review
removed,roi_02,4725,roi_02/roi_02_frame_004725.jpg,not_target_blurry_or_low_quality_after_visual_review
removed,roi_02,4740,roi_02/roi_02_frame_004740.jpg,not_target_blurry_or_low_quality_after_visual_review
removed,roi_02,4755,roi_02/roi_02_frame_004755.jpg,not_target_blurry_or_low_quality_after_visual_review
removed,roi_02,4770,roi_02/roi_02_frame_004770.jpg,not_target_blurry_or_low_quality_after_visual_review
removed,roi_02,4785,roi_02/roi_02_frame_004785.jpg,not_target_blurry_or_low_quality_after_visual_review
removed,roi_02,4800,roi_02/roi_02_frame_004800.jpg,not_target_blurry_or_low_quality_after_visual_review
removed,roi_02,4815,roi_02/roi_02_frame_004815.jpg,not_target_blurry_or_low_quality_after_visual_review
removed,roi_02,4830,roi_02/roi_02_frame_004830.jpg,not_target_blurry_or_low_quality_after_visual_review
removed,roi_02,4845,roi_02/roi_02_frame_004845.jpg,not_target_blurry_or_low_quality_after_visual_review
removed,roi_02,4860,roi_02/roi_02_frame_004860.jpg,not_target_blurry_or_low_quality_after_visual_review
removed,roi_02,4875,roi_02/roi_02_frame_004875.jpg,not_target_blurry_or_low_quality_after_visual_review
removed,roi_02,4890,roi_02/roi_02_frame_004890.jpg,not_target_blurry_or_low_quality_after_visual_review
removed,roi_02,4905,roi_02/roi_02_frame_004905.jpg,not_target_blurry_or_low_quality_after_visual_review
removed,roi_02,4920,roi_02/roi_02_frame_004920.jpg,not_target_blurry_or_low_quality_after_visual_review
removed,roi_02,4935,roi_02/roi_02_frame_004935.jpg,not_target_blurry_or_low_quality_after_visual_review
removed,roi_02,4950,roi_02/roi_02_frame_004950.jpg,not_target_blurry_or_low_quality_after_visual_review
removed,roi_02,4965,roi_02/roi_02_frame_004965.jpg,not_target_blurry_or_low_quality_after_visual_review
removed,roi_02,4980,roi_02/roi_02_frame_004980.jpg,not_target_blurry_or_low_quality_after_visual_review
removed,roi_02,4995,roi_02/roi_02_frame_004995.jpg,not_target_blurry_or_low_quality_after_visual_review
removed,roi_02,5010,roi_02/roi_02_frame_005010.jpg,not_target_blurry_or_low_quality_after_visual_review
removed,roi_02,5025,roi_02/roi_02_frame_005025.jpg,not_target_blurry_or_low_quality_after_visual_review
removed,roi_02,5040,roi_02/roi_02_frame_005040.jpg,not_target_blurry_or_low_quality_after_visual_review
removed,roi_02,5055,roi_02/roi_02_frame_005055.jpg,not_target_blurry_or_low_quality_after_visual_review
removed,roi_02,5070,roi_02/roi_02_frame_005070.jpg,not_target_blurry_or_low_quality_after_visual_review
removed,roi_02,5085,roi_02/roi_02_frame_005085.jpg,not_target_blurry_or_low_quality_after_visual_review
removed,roi_02,5100,roi_02/roi_02_frame_005100.jpg,not_target_blurry_or_low_quality_after_visual_review
removed,roi_02,5115,roi_02/roi_02_frame_005115.jpg,not_target_blurry_or_low_quality_after_visual_review
removed,roi_02,5130,roi_02/roi_02_frame_005130.jpg,not_target_blurry_or_low_quality_after_visual_review
removed,roi_02,5145,roi_02/roi_02_frame_005145.jpg,not_target_blurry_or_low_quality_after_visual_review
removed,roi_02,5160,roi_02/roi_02_frame_005160.jpg,not_target_blurry_or_low_quality_after_visual_review
removed,roi_02,5175,roi_02/roi_02_frame_005175.jpg,not_target_blurry_or_low_quality_after_visual_review
removed,roi_02,5190,roi_02/roi_02_frame_005190.jpg,not_target_blurry_or_low_quality_after_visual_review
removed,roi_02,5205,roi_02/roi_02_frame_005205.jpg,not_target_blurry_or_low_quality_after_visual_review
removed,roi_02,5220,roi_02/roi_02_frame_005220.jpg,not_target_blurry_or_low_quality_after_visual_review
removed,roi_02,5235,roi_02/roi_02_frame_005235.jpg,not_target_blurry_or_low_quality_after_visual_review
removed,roi_02,5250,roi_02/roi_02_frame_005250.jpg,not_target_blurry_or_low_quality_after_visual_review
removed,roi_02,5265,roi_02/roi_02_frame_005265.jpg,not_target_blurry_or_low_quality_after_visual_review
removed,roi_02,5280,roi_02/roi_02_frame_005280.jpg,not_target_blurry_or_low_quality_after_visual_review
removed,roi_02,5295,roi_02/roi_02_frame_005295.jpg,not_target_blurry_or_low_quality_after_visual_review
removed,roi_02,5310,roi_02/roi_02_frame_005310.jpg,not_target_blurry_or_low_quality_after_visual_review
kept,roi_02,5325,roi_02/roi_02_frame_005325.jpg,valid_target_after_visual_review
kept,roi_02,5340,roi_02/roi_02_frame_005340.jpg,valid_target_after_visual_review
kept,roi_02,5355,roi_02/roi_02_frame_005355.jpg,valid_target_after_visual_review
kept,roi_02,5370,roi_02/roi_02_frame_005370.jpg,valid_target_after_visual_review
removed,roi_02,5385,roi_02/roi_02_frame_005385.jpg,not_target_blurry_or_low_quality_after_visual_review
removed,roi_02,5400,roi_02/roi_02_frame_005400.jpg,not_target_blurry_or_low_quality_after_visual_review
removed,roi_02,5415,roi_02/roi_02_frame_005415.jpg,not_target_blurry_or_low_quality_after_visual_review
removed,roi_02,5430,roi_02/roi_02_frame_005430.jpg,not_target_blurry_or_low_quality_after_visual_review
removed,roi_02,5445,roi_02/roi_02_frame_005445.jpg,not_target_blurry_or_low_quality_after_visual_review
removed,roi_02,5460,roi_02/roi_02_frame_005460.jpg,not_target_blurry_or_low_quality_after_visual_review
removed,roi_02,5475,roi_02/roi_02_frame_005475.jpg,not_target_blurry_or_low_quality_after_visual_review
removed,roi_02,5490,roi_02/roi_02_frame_005490.jpg,not_target_blurry_or_low_quality_after_visual_review
removed,roi_02,5505,roi_02/roi_02_frame_005505.jpg,not_target_blurry_or_low_quality_after_visual_review
removed,roi_02,5520,roi_02/roi_02_frame_005520.jpg,not_target_blurry_or_low_quality_after_visual_review
removed,roi_02,5535,roi_02/roi_02_frame_005535.jpg,not_target_blurry_or_low_quality_after_visual_review
removed,roi_02,5550,roi_02/roi_02_frame_005550.jpg,not_target_blurry_or_low_quality_after_visual_review
removed,roi_02,5565,roi_02/roi_02_frame_005565.jpg,not_target_blurry_or_low_quality_after_visual_review
removed,roi_02,5580,roi_02/roi_02_frame_005580.jpg,not_target_blurry_or_low_quality_after_visual_review
removed,roi_02,5595,roi_02/roi_02_frame_005595.jpg,not_target_blurry_or_low_quality_after_visual_review
removed,roi_02,5610,roi_02/roi_02_frame_005610.jpg,not_target_blurry_or_low_quality_after_visual_review
removed,roi_02,5625,roi_02/roi_02_frame_005625.jpg,not_target_blurry_or_low_quality_after_visual_review
removed,roi_02,5640,roi_02/roi_02_frame_005640.jpg,not_target_blurry_or_low_quality_after_visual_review
removed,roi_02,5655,roi_02/roi_02_frame_005655.jpg,not_target_blurry_or_low_quality_after_visual_review
removed,roi_02,5670,roi_02/roi_02_frame_005670.jpg,not_target_blurry_or_low_quality_after_visual_review
removed,roi_02,5685,roi_02/roi_02_frame_005685.jpg,not_target_blurry_or_low_quality_after_visual_review
removed,roi_02,5700,roi_02/roi_02_frame_005700.jpg,not_target_blurry_or_low_quality_after_visual_review
removed,roi_02,5715,roi_02/roi_02_frame_005715.jpg,not_target_blurry_or_low_quality_after_visual_review
removed,roi_02,5730,roi_02/roi_02_frame_005730.jpg,not_target_blurry_or_low_quality_after_visual_review
removed,roi_02,5745,roi_02/roi_02_frame_005745.jpg,not_target_blurry_or_low_quality_after_visual_review
removed,roi_02,5760,roi_02/roi_02_frame_005760.jpg,not_target_blurry_or_low_quality_after_visual_review
removed,roi_02,5775,roi_02/roi_02_frame_005775.jpg,not_target_blurry_or_low_quality_after_visual_review
removed,roi_02,5790,roi_02/roi_02_frame_005790.jpg,not_target_blurry_or_low_quality_after_visual_review
removed,roi_02,5805,roi_02/roi_02_frame_005805.jpg,not_target_blurry_or_low_quality_after_visual_review
removed,roi_02,5820,roi_02/roi_02_frame_005820.jpg,not_target_blurry_or_low_quality_after_visual_review
removed,roi_02,5835,roi_02/roi_02_frame_005835.jpg,not_target_blurry_or_low_quality_after_visual_review
removed,roi_02,5850,roi_02/roi_02_frame_005850.jpg,not_target_blurry_or_low_quality_after_visual_review
removed,roi_02,5865,roi_02/roi_02_frame_005865.jpg,not_target_blurry_or_low_quality_after_visual_review
removed,roi_02,5880,roi_02/roi_02_frame_005880.jpg,not_target_blurry_or_low_quality_after_visual_review
removed,roi_02,5895,roi_02/roi_02_frame_005895.jpg,not_target_blurry_or_low_quality_after_visual_review
kept,roi_02,5910,roi_02/roi_02_frame_005910.jpg,valid_target_after_visual_review
removed,roi_02,5925,roi_02/roi_02_frame_005925.jpg,not_target_blurry_or_low_quality_after_visual_review
removed,roi_02,5940,roi_02/roi_02_frame_005940.jpg,not_target_blurry_or_low_quality_after_visual_review
kept,roi_02,5955,roi_02/roi_02_frame_005955.jpg,valid_target_after_visual_review
removed,roi_02,5970,roi_02/roi_02_frame_005970.jpg,not_target_blurry_or_low_quality_after_visual_review
removed,roi_02,5985,roi_02/roi_02_frame_005985.jpg,not_target_blurry_or_low_quality_after_visual_review
removed,roi_02,6000,roi_02/roi_02_frame_006000.jpg,not_target_blurry_or_low_quality_after_visual_review
removed,roi_02,6015,roi_02/roi_02_frame_006015.jpg,not_target_blurry_or_low_quality_after_visual_review
removed,roi_02,6030,roi_02/roi_02_frame_006030.jpg,not_target_blurry_or_low_quality_after_visual_review
removed,roi_02,6045,roi_02/roi_02_frame_006045.jpg,not_target_blurry_or_low_quality_after_visual_review
removed,roi_02,6060,roi_02/roi_02_frame_006060.jpg,not_target_blurry_or_low_quality_after_visual_review
removed,roi_02,6075,roi_02/roi_02_frame_006075.jpg,not_target_blurry_or_low_quality_after_visual_review
removed,roi_02,6090,roi_02/roi_02_frame_006090.jpg,not_target_blurry_or_low_quality_after_visual_review
removed,roi_02,6105,roi_02/roi_02_frame_006105.jpg,not_target_blurry_or_low_quality_after_visual_review
removed,roi_02,6120,roi_02/roi_02_frame_006120.jpg,not_target_blurry_or_low_quality_after_visual_review
removed,roi_02,6135,roi_02/roi_02_frame_006135.jpg,not_target_blurry_or_low_quality_after_visual_review
removed,roi_02,6150,roi_02/roi_02_frame_006150.jpg,not_target_blurry_or_low_quality_after_visual_review
removed,roi_02,6165,roi_02/roi_02_frame_006165.jpg,not_target_blurry_or_low_quality_after_visual_review
removed,roi_02,6180,roi_02/roi_02_frame_006180.jpg,not_target_blurry_or_low_quality_after_visual_review
removed,roi_02,6195,roi_02/roi_02_frame_006195.jpg,not_target_blurry_or_low_quality_after_visual_review
removed,roi_02,6210,roi_02/roi_02_frame_006210.jpg,not_target_blurry_or_low_quality_after_visual_review
removed,roi_02,6225,roi_02/roi_02_frame_006225.jpg,not_target_blurry_or_low_quality_after_visual_review
removed,roi_02,6240,roi_02/roi_02_frame_006240.jpg,not_target_blurry_or_low_quality_after_visual_review
removed,roi_02,6255,roi_02/roi_02_frame_006255.jpg,not_target_blurry_or_low_quality_after_visual_review
removed,roi_02,6270,roi_02/roi_02_frame_006270.jpg,not_target_blurry_or_low_quality_after_visual_review
removed,roi_02,6285,roi_02/roi_02_frame_006285.jpg,not_target_blurry_or_low_quality_after_visual_review
removed,roi_02,6300,roi_02/roi_02_frame_006300.jpg,not_target_blurry_or_low_quality_after_visual_review
removed,roi_02,6315,roi_02/roi_02_frame_006315.jpg,not_target_blurry_or_low_quality_after_visual_review
removed,roi_02,6330,roi_02/roi_02_frame_006330.jpg,not_target_blurry_or_low_quality_after_visual_review
removed,roi_02,6345,roi_02/roi_02_frame_006345.jpg,not_target_blurry_or_low_quality_after_visual_review
removed,roi_02,6360,roi_02/roi_02_frame_006360.jpg,not_target_blurry_or_low_quality_after_visual_review
removed,roi_02,6375,roi_02/roi_02_frame_006375.jpg,not_target_blurry_or_low_quality_after_visual_review
removed,roi_02,6390,roi_02/roi_02_frame_006390.jpg,not_target_blurry_or_low_quality_after_visual_review
removed,roi_02,6405,roi_02/roi_02_frame_006405.jpg,not_target_blurry_or_low_quality_after_visual_review
removed,roi_02,6420,roi_02/roi_02_frame_006420.jpg,not_target_blurry_or_low_quality_after_visual_review
removed,roi_02,6435,roi_02/roi_02_frame_006435.jpg,not_target_blurry_or_low_quality_after_visual_review
removed,roi_02,6450,roi_02/roi_02_frame_006450.jpg,not_target_blurry_or_low_quality_after_visual_review
removed,roi_02,6465,roi_02/roi_02_frame_006465.jpg,not_target_blurry_or_low_quality_after_visual_review
removed,roi_02,6480,roi_02/roi_02_frame_006480.jpg,not_target_blurry_or_low_quality_after_visual_review
removed,roi_02,6495,roi_02/roi_02_frame_006495.jpg,not_target_blurry_or_low_quality_after_visual_review
removed,roi_02,6510,roi_02/roi_02_frame_006510.jpg,not_target_blurry_or_low_quality_after_visual_review
removed,roi_02,6525,roi_02/roi_02_frame_006525.jpg,not_target_blurry_or_low_quality_after_visual_review
removed,roi_02,6540,roi_02/roi_02_frame_006540.jpg,not_target_blurry_or_low_quality_after_visual_review
removed,roi_02,6555,roi_02/roi_02_frame_006555.jpg,not_target_blurry_or_low_quality_after_visual_review
kept,roi_02,6570,roi_02/roi_02_frame_006570.jpg,valid_target_after_visual_review
kept,roi_02,6585,roi_02/roi_02_frame_006585.jpg,valid_target_after_visual_review
removed,roi_02,6600,roi_02/roi_02_frame_006600.jpg,not_target_blurry_or_low_quality_after_visual_review
removed,roi_02,6615,roi_02/roi_02_frame_006615.jpg,not_target_blurry_or_low_quality_after_visual_review
removed,roi_02,6630,roi_02/roi_02_frame_006630.jpg,not_target_blurry_or_low_quality_after_visual_review
removed,roi_02,6645,roi_02/roi_02_frame_006645.jpg,not_target_blurry_or_low_quality_after_visual_review
removed,roi_02,6660,roi_02/roi_02_frame_006660.jpg,not_target_blurry_or_low_quality_after_visual_review
removed,roi_02,6675,roi_02/roi_02_frame_006675.jpg,not_target_blurry_or_low_quality_after_visual_review
