pair_id,board_id,point_id,camera_x_mm,camera_y_mm,camera_z_mm,robot_x_mm,robot_y_mm,robot_z_mm,pred_robot_x_mm,pred_robot_y_mm,pred_robot_z_mm,error_mm,reprojection_error_px,image_path,debug_path
1,001,P1,164.902509,36.684493,783.317879,-293.585600,-677.687300,513.210000,-296.720799,-681.735169,513.768456,5.150397,0.061934,D:\D435_Project\calibration_9points_user0\images\board_001.jpg,D:\D435_Project\calibration_9points_user0\debug\board_001_points.jpg
2,001,P2,139.977963,37.333333,781.488662,-274.961600,-695.125700,512.871200,-278.181614,-698.497376,513.196549,4.673600,0.061934,D:\D435_Project\calibration_9points_user0\images\board_001.jpg,D:\D435_Project\calibration_9points_user0\debug\board_001_points.jpg
3,001,P3,115.053417,37.982174,779.659445,-257.052600,-712.387800,512.330300,-259.642429,-715.259582,512.624640,3.878271,0.061934,D:\D435_Project\calibration_9points_user0\images\board_001.jpg,D:\D435_Project\calibration_9points_user0\debug\board_001_points.jpg
4,001,P4,164.138822,11.744872,784.877395,-293.839300,-679.453700,538.220200,-296.751481,-682.621541,538.752720,4.335850,0.061934,D:\D435_Project\calibration_9points_user0\images\board_001.jpg,D:\D435_Project\calibration_9points_user0\debug\board_001_points.jpg
5,001,P5,139.214277,12.393712,783.048178,-275.551800,-695.353100,538.034400,-278.212297,-699.383747,538.180812,4.831749,0.061934,D:\D435_Project\calibration_9points_user0\images\board_001.jpg,D:\D435_Project\calibration_9points_user0\debug\board_001_points.jpg
6,001,P6,114.289731,13.042553,781.218961,-257.703400,-713.930800,537.241100,-259.673112,-716.145954,537.608903,2.986964,0.061934,D:\D435_Project\calibration_9points_user0\images\board_001.jpg,D:\D435_Project\calibration_9points_user0\debug\board_001_points.jpg
7,001,P7,163.375136,-13.194749,786.436912,-294.124100,-679.590600,563.335300,-296.782165,-683.507914,563.736983,4.751000,0.061934,D:\D435_Project\calibration_9points_user0\images\board_001.jpg,D:\D435_Project\calibration_9points_user0\debug\board_001_points.jpg
8,001,P8,138.450590,-12.545909,784.607695,-275.802900,-697.601800,562.874800,-278.242980,-700.270120,563.165075,3.627421,0.061934,D:\D435_Project\calibration_9points_user0\images\board_001.jpg,D:\D435_Project\calibration_9points_user0\debug\board_001_points.jpg
9,001,P9,113.526045,-11.897068,782.778478,-257.610800,-714.414400,562.324700,-259.703796,-717.032326,562.593166,3.362476,0.061934,D:\D435_Project\calibration_9points_user0\images\board_001.jpg,D:\D435_Project\calibration_9points_user0\debug\board_001_points.jpg
10,002,P1,-125.656681,120.235328,775.996781,-91.244800,-890.177400,431.110000,-92.439865,-889.077412,431.686315,1.723454,0.048299,D:\D435_Project\calibration_9points_user0\images\board_002.jpg,D:\D435_Project\calibration_9points_user0\debug\board_002_points.jpg
11,002,P2,-150.586674,119.776658,774.184317,-73.242300,-906.840800,432.006100,-73.883813,-905.822147,432.221791,1.222995,0.048299,D:\D435_Project\calibration_9points_user0\images\board_002.jpg,D:\D435_Project\calibration_9points_user0\debug\board_002_points.jpg
12,002,P3,-175.516668,119.317988,772.371853,-55.612300,-924.628800,432.351900,-55.327761,-922.566883,432.757267,2.120563,0.048299,D:\D435_Project\calibration_9points_user0\images\board_002.jpg,D:\D435_Project\calibration_9points_user0\debug\board_002_points.jpg
13,002,P4,-125.463878,95.497836,779.605011,-93.264100,-890.954700,456.052600,-94.615859,-890.694031,456.538912,1.460034,0.048299,D:\D435_Project\calibration_9points_user0\images\board_002.jpg,D:\D435_Project\calibration_9points_user0\debug\board_002_points.jpg
14,002,P5,-150.393872,95.039166,777.792547,-75.513700,-908.696000,456.769300,-76.059807,-907.438767,457.074388,1.404260,0.048299,D:\D435_Project\calibration_9points_user0\images\board_002.jpg,D:\D435_Project\calibration_9points_user0\debug\board_002_points.jpg
15,002,P6,-175.323866,94.580496,775.980083,-57.695000,-925.496900,457.658900,-57.503754,-924.183503,457.609864,1.328153,0.048299,D:\D435_Project\calibration_9points_user0\images\board_002.jpg,D:\D435_Project\calibration_9points_user0\debug\board_002_points.jpg
17,002,P8,-150.201070,70.301675,781.400776,-75.927300,-908.130600,481.779800,-78.235799,-909.055387,481.926985,2.491197,0.048299,D:\D435_Project\calibration_9points_user0\images\board_002.jpg,D:\D435_Project\calibration_9points_user0\debug\board_002_points.jpg
18,002,P9,-175.131064,69.843005,779.588312,-58.569300,-926.022500,482.418200,-59.679747,-925.800123,482.462461,1.133359,0.048299,D:\D435_Project\calibration_9points_user0\images\board_002.jpg,D:\D435_Project\calibration_9points_user0\debug\board_002_points.jpg
19,003,P1,241.532178,202.988285,762.871009,-339.728300,-617.032500,345.686800,-338.722251,-617.202445,346.381069,1.234109,0.055563,D:\D435_Project\calibration_9points_user0\images\board_003.jpg,D:\D435_Project\calibration_9points_user0\debug\board_003_points.jpg
20,003,P2,216.558572,202.920140,761.724542,-321.884800,-634.053800,345.827900,-320.625850,-634.450382,346.551206,1.505126,0.055563,D:\D435_Project\calibration_9points_user0\images\board_003.jpg,D:\D435_Project\calibration_9points_user0\debug\board_003_points.jpg
21,003,P3,191.584967,202.851994,760.578075,-303.323000,-651.306600,345.658100,-302.529449,-651.698319,346.721344,1.383349,0.055563,D:\D435_Project\calibration_9points_user0\images\board_003.jpg,D:\D435_Project\calibration_9points_user0\debug\board_003_points.jpg
22,003,P4,241.451479,178.198132,766.102382,-341.213300,-618.376500,370.614300,-340.435815,-618.754755,371.273920,1.087501,0.055563,D:\D435_Project\calibration_9points_user0\images\board_003.jpg,D:\D435_Project\calibration_9points_user0\debug\board_003_points.jpg
23,003,P5,216.477874,178.129986,764.955915,-322.625200,-635.102200,370.448200,-322.339414,-636.002692,371.444057,1.372695,0.055563,D:\D435_Project\calibration_9points_user0\images\board_003.jpg,D:\D435_Project\calibration_9points_user0\debug\board_003_points.jpg
24,003,P6,191.504268,178.061841,763.809448,-304.603300,-652.473600,371.029000,-304.243013,-653.250629,371.614194,1.037320,0.055563,D:\D435_Project\calibration_9points_user0\images\board_003.jpg,D:\D435_Project\calibration_9points_user0\debug\board_003_points.jpg
25,003,P7,241.370781,153.407978,769.333755,-342.261700,-619.347100,395.491600,-342.149379,-620.307065,396.166771,1.178984,0.055563,D:\D435_Project\calibration_9points_user0\images\board_003.jpg,D:\D435_Project\calibration_9points_user0\debug\board_003_points.jpg
26,003,P8,216.397176,153.339833,768.187288,-324.251700,-636.720700,395.752500,-324.052978,-637.555001,396.336908,1.037826,0.055563,D:\D435_Project\calibration_9points_user0\images\board_003.jpg,D:\D435_Project\calibration_9points_user0\debug\board_003_points.jpg
27,003,P9,191.423570,153.271687,767.040821,-306.761100,-654.634200,395.694000,-305.956577,-654.802939,396.507046,1.156189,0.055563,D:\D435_Project\calibration_9points_user0\images\board_003.jpg,D:\D435_Project\calibration_9points_user0\debug\board_003_points.jpg
28,004,P1,430.542289,58.177517,759.321271,-463.327200,-472.386000,489.603500,-463.547532,-473.889667,489.865139,1.542082,0.082235,D:\D435_Project\calibration_9points_user0\images\board_004.jpg,D:\D435_Project\calibration_9points_user0\debug\board_004_points.jpg
29,004,P2,430.722193,83.038563,756.695239,-462.275200,-471.646200,464.831300,-462.341292,-472.685963,464.923285,1.045914,0.082235,D:\D435_Project\calibration_9points_user0\images\board_004.jpg,D:\D435_Project\calibration_9points_user0\debug\board_004_points.jpg
30,004,P3,430.902097,107.899609,754.069207,-461.454700,-470.572400,439.752800,-461.135053,-471.482259,439.981430,0.991105,0.082235,D:\D435_Project\calibration_9points_user0\images\board_004.jpg,D:\D435_Project\calibration_9points_user0\debug\board_004_points.jpg
31,004,P4,405.744639,58.687903,762.454331,-450.227800,-493.931000,489.371200,-448.676219,-493.983977,489.614586,1.571447,0.082235,D:\D435_Project\calibration_9points_user0\images\board_004.jpg,D:\D435_Project\calibration_9points_user0\debug\board_004_points.jpg
32,004,P5,405.924543,83.548948,759.828299,-449.894700,-492.051600,464.019900,-447.469979,-492.780273,464.672733,2.614656,0.082235,D:\D435_Project\calibration_9points_user0\images\board_004.jpg,D:\D435_Project\calibration_9points_user0\debug\board_004_points.jpg
33,004,P6,406.104447,108.409994,757.202266,-448.055700,-491.333800,439.494200,-446.263739,-491.576568,439.730878,1.823753,0.082235,D:\D435_Project\calibration_9points_user0\images\board_004.jpg,D:\D435_Project\calibration_9points_user0\debug\board_004_points.jpg
34,004,P7,380.946989,59.198288,765.587391,-436.237500,-514.052500,489.009400,-433.804906,-514.078287,489.364034,2.458443,0.082235,D:\D435_Project\calibration_9points_user0\images\board_004.jpg,D:\D435_Project\calibration_9points_user0\debug\board_004_points.jpg
35,004,P8,381.126893,84.059334,762.961358,-436.587600,-513.803200,463.804200,-432.598666,-512.874582,464.422179,4.141959,0.082235,D:\D435_Project\calibration_9points_user0\images\board_004.jpg,D:\D435_Project\calibration_9points_user0\debug\board_004_points.jpg
36,004,P9,381.306797,108.920379,760.335326,-435.562500,-512.391200,439.034900,-431.392426,-511.670878,439.480326,4.255207,0.082235,D:\D435_Project\calibration_9points_user0\images\board_004.jpg,D:\D435_Project\calibration_9points_user0\debug\board_004_points.jpg
37,005,P1,122.265949,32.702904,597.267460,-131.210500,-585.280000,512.696400,-132.802959,-583.896849,511.105270,2.642107,0.064342,D:\D435_Project\calibration_9points_user0\images\board_005.jpg,D:\D435_Project\calibration_9points_user0\debug\board_005_points.jpg
38,005,P2,147.237184,33.813325,597.719528,-149.607600,-568.160800,511.746600,-150.420006,-566.201976,509.867892,2.833115,0.064342,D:\D435_Project\calibration_9points_user0\images\board_005.jpg,D:\D435_Project\calibration_9points_user0\debug\board_005_points.jpg
39,005,P3,172.208419,34.923746,598.171595,-168.752600,-551.574300,510.450600,-168.037052,-548.507102,508.630515,3.637640,0.064342,D:\D435_Project\calibration_9points_user0\images\board_005.jpg,D:\D435_Project\calibration_9points_user0\debug\board_005_points.jpg
40,005,P4,121.186338,57.628875,595.676727,-132.452900,-587.796900,487.616100,-131.474951,-584.320178,486.144156,3.900077,0.064342,D:\D435_Project\calibration_9points_user0\images\board_005.jpg,D:\D435_Project\calibration_9points_user0\debug\board_005_points.jpg
41,005,P5,146.157574,58.739296,596.128794,-150.235400,-570.253200,486.622100,-149.091998,-566.625304,484.906779,4.172688,0.064342,D:\D435_Project\calibration_9points_user0\images\board_005.jpg,D:\D435_Project\calibration_9points_user0\debug\board_005_points.jpg
42,005,P6,171.128809,59.849717,596.580862,-168.794000,-553.163200,485.631800,-166.709045,-548.930431,483.669401,5.110224,0.064342,D:\D435_Project\calibration_9points_user0\images\board_005.jpg,D:\D435_Project\calibration_9points_user0\debug\board_005_points.jpg
43,005,P7,120.106728,82.554845,594.085993,-131.859500,-588.271800,462.927700,-130.146943,-584.743506,461.183043,4.292498,0.064342,D:\D435_Project\calibration_9points_user0\images\board_005.jpg,D:\D435_Project\calibration_9points_user0\debug\board_005_points.jpg
44,005,P8,145.077963,83.665266,594.538061,-149.353300,-571.042500,461.181500,-147.763990,-567.048633,459.945666,4.472602,0.064342,D:\D435_Project\calibration_9points_user0\images\board_005.jpg,D:\D435_Project\calibration_9points_user0\debug\board_005_points.jpg
45,005,P9,170.049199,84.775687,594.990128,-167.927600,-554.515700,460.532000,-165.381037,-549.353759,458.708288,6.037926,0.064342,D:\D435_Project\calibration_9points_user0\images\board_005.jpg,D:\D435_Project\calibration_9points_user0\debug\board_005_points.jpg
