epoch,time,train/box_loss,train/cls_loss,train/dfl_loss,metrics/precision(B),metrics/recall(B),metrics/mAP50(B),metrics/mAP50-95(B),val/box_loss,val/cls_loss,val/dfl_loss,lr/pg0,lr/pg1,lr/pg2
1,76.6472,3.14941,6.16668,2.44751,0,0,0,0,2.97645,6.12353,2.2471,0.000531507,0.000531507,0.000531507
2,149.415,2.78292,5.58946,2.06777,0.00105,0.21154,0.03175,0.00499,2.97048,6.00812,1.9475,0.00107641,0.00107641,0.00107641
3,222.994,2.76823,5.01271,1.89279,0.00198,0.25,0.00876,0.00209,2.81697,5.78667,1.85419,0.00161031,0.00161031,0.00161031
4,295.927,2.74796,4.82791,1.8151,0,0,0,0,2.97463,5.94652,2.12427,0.00161749,0.00161749,0.00161749
5,368.085,2.57199,5.44168,1.80082,0.001,0.17308,0.00027,9e-05,3.15122,5.33059,2.22175,0.00160099,0.00160099,0.00160099
6,441.668,2.50199,4.77724,1.75911,0.00425,0.65385,0.13623,0.0469,2.6653,4.67313,1.81861,0.00158448,0.00158448,0.00158448
7,513.255,2.4427,4.43055,1.75598,0.6488,0.28846,0.29825,0.10678,2.66121,4.06433,1.75491,0.00156798,0.00156798,0.00156798
8,581.603,2.44882,4.37502,1.72605,0.2448,0.17589,0.188,0.0501,2.7872,4.27405,1.84175,0.00155148,0.00155148,0.00155148
9,652.631,2.41421,3.84582,1.67566,0.89326,0.19618,0.27952,0.07362,2.99553,4.4634,1.95815,0.00153497,0.00153497,0.00153497
10,727.939,2.32701,3.7312,1.61104,0.29997,0.19231,0.16852,0.02879,3.26537,4.58761,2.1616,0.00151847,0.00151847,0.00151847
11,800.239,2.1905,3.70991,1.55333,0.06628,0.11538,0.0499,0.01354,3.01402,4.66427,2.0007,0.00150197,0.00150197,0.00150197
12,872.356,2.21273,3.57758,1.5395,0.2414,0.26923,0.19103,0.06491,2.76438,4.08591,1.831,0.00148546,0.00148546,0.00148546
13,945.63,2.19146,3.55423,1.55725,0.67206,0.11538,0.09203,0.02145,3.3534,4.87935,2.20123,0.00146896,0.00146896,0.00146896
14,1017.83,2.24605,3.28558,1.49346,0.7569,0.13462,0.1567,0.04213,3.22234,4.5774,2.11891,0.00145246,0.00145246,0.00145246
15,1089.22,2.12566,3.06889,1.49595,0.00265,0.38462,0.07884,0.04032,3.2213,4.86975,2.13805,0.00143595,0.00143595,0.00143595
16,1161.32,2.14302,3.32862,1.51859,0.53612,0.01923,0.05338,0.01944,2.88756,4.51124,1.89146,0.00141945,0.00141945,0.00141945
17,1235.04,2.15849,3.16004,1.52745,0.70368,0.17308,0.13605,0.04201,2.60834,3.94607,1.70071,0.00140295,0.00140295,0.00140295
18,1309.53,2.01597,2.91065,1.44078,0.92337,0.19231,0.26934,0.09494,2.56127,3.67555,1.64421,0.00138644,0.00138644,0.00138644
19,1376.15,1.9896,3.00654,1.42149,0.88043,0.19231,0.34724,0.11789,2.5949,3.56159,1.64757,0.00136994,0.00136994,0.00136994
20,1442.36,1.93458,2.75984,1.39545,0.27482,0.18795,0.17806,0.07068,2.46721,3.96184,1.59754,0.00135344,0.00135344,0.00135344
21,1511.51,2.03157,2.88172,1.42558,0.85098,0.19231,0.24239,0.10133,2.22205,3.794,1.54996,0.00133693,0.00133693,0.00133693
22,1579.49,1.89107,2.82608,1.35911,0.86289,0.15279,0.23102,0.10524,2.45524,3.43274,1.6838,0.00132043,0.00132043,0.00132043
23,1647.19,1.9333,2.7818,1.35813,0.95199,0.19231,0.28154,0.10009,2.25732,3.44926,1.53933,0.00130393,0.00130393,0.00130393
24,1715.75,1.89095,2.51388,1.36178,0.1643,0.25,0.11579,0.04123,2.32533,3.76133,1.55757,0.00128742,0.00128742,0.00128742
25,1781.93,1.9106,2.64227,1.39824,0.12675,0.18073,0.107,0.03929,2.36252,3.67705,1.57289,0.00127092,0.00127092,0.00127092
26,1848.27,1.87041,2.55013,1.38404,0.06902,0.19231,0.06309,0.02403,2.54179,3.62969,1.65839,0.00125442,0.00125442,0.00125442
27,1913.8,1.85003,2.59573,1.36566,0.19347,0.28758,0.11678,0.04914,2.43666,3.61618,1.61275,0.00123791,0.00123791,0.00123791
28,1981.23,1.78621,2.47868,1.3542,0.17548,0.26923,0.14277,0.05353,2.51823,3.7555,1.63595,0.00122141,0.00122141,0.00122141
29,2053.43,1.86198,2.39614,1.36886,0.29007,0.31275,0.27682,0.08761,2.47553,3.72073,1.62279,0.00120491,0.00120491,0.00120491
30,2128.07,1.79377,2.42248,1.32839,0.31168,0.32692,0.30334,0.0805,2.50025,3.61864,1.61446,0.0011884,0.0011884,0.0011884
31,2199.86,1.7421,2.45534,1.3023,0.68671,0.18357,0.14994,0.03473,2.659,3.9855,1.71033,0.0011719,0.0011719,0.0011719
32,2270.1,1.75596,2.36169,1.31897,0.15848,0.23077,0.14641,0.03293,2.74374,4.04636,1.74751,0.0011554,0.0011554,0.0011554
33,2342.29,1.79855,2.3701,1.3215,0.18834,0.26923,0.15609,0.05289,2.46483,3.77015,1.57647,0.00113889,0.00113889,0.00113889
34,2416.65,1.65507,2.232,1.26206,0.17711,0.26923,0.16715,0.05235,2.53061,3.96733,1.62479,0.00112239,0.00112239,0.00112239
35,2498.54,1.67809,2.21042,1.27094,0.16866,0.38873,0.18766,0.0545,2.57048,4.00859,1.66126,0.00110589,0.00110589,0.00110589
36,2571.11,1.74881,2.23929,1.29144,0.27692,0.37067,0.20805,0.06892,2.45879,3.81899,1.58983,0.00108938,0.00108938,0.00108938
37,2643.63,1.66497,2.20205,1.23769,0.36771,0.36538,0.30681,0.10825,2.46746,3.77451,1.62307,0.00107288,0.00107288,0.00107288
38,2719.76,1.68007,2.24988,1.26315,0.39541,0.38462,0.35194,0.11579,2.49894,3.70618,1.69517,0.00105638,0.00105638,0.00105638
39,2802.53,1.70156,2.18549,1.27079,0.45231,0.28736,0.32078,0.09586,2.5916,3.72175,1.71442,0.00103987,0.00103987,0.00103987
40,2888.76,1.59988,2.00835,1.21682,0.34422,0.48077,0.38073,0.10597,2.49032,3.62942,1.62375,0.00102337,0.00102337,0.00102337
41,2965.45,1.63649,2.03485,1.26234,0.25927,0.40385,0.33765,0.08019,2.55206,3.68817,1.65196,0.00100687,0.00100687,0.00100687
42,3046.93,1.69589,2.02571,1.28671,0.23635,0.42465,0.299,0.07192,2.51349,3.67882,1.67124,0.000990365,0.000990365,0.000990365
43,3120.56,1.64507,2.07315,1.26,0.2466,0.34615,0.16734,0.06628,2.55181,3.59115,1.65964,0.000973861,0.000973861,0.000973861
44,3197.13,1.64004,1.96941,1.24055,0.20213,0.32692,0.1742,0.0636,2.48913,3.6443,1.63763,0.000957358,0.000957358,0.000957358
45,3270.46,1.53764,2.07631,1.24721,0.26132,0.34615,0.24814,0.06788,2.51607,3.67021,1.7015,0.000940855,0.000940855,0.000940855
46,3343.9,1.55586,1.94657,1.22006,0.36549,0.43255,0.29798,0.08051,2.54217,3.58647,1.70944,0.000924352,0.000924352,0.000924352
47,3414.92,1.48674,1.89679,1.19309,0.36713,0.35978,0.32357,0.11432,2.53662,3.51116,1.66462,0.000907848,0.000907848,0.000907848
48,3497.64,1.50004,1.87502,1.20094,0.42019,0.32692,0.32495,0.11628,2.5386,3.45162,1.67399,0.000891345,0.000891345,0.000891345
49,3604.84,1.52647,1.85717,1.22607,0.86528,0.42308,0.45506,0.16482,2.47682,3.28766,1.67194,0.000874842,0.000874842,0.000874842
50,3721.1,1.55703,1.86687,1.19915,0.91434,0.42308,0.44813,0.15208,2.52745,3.26689,1.69969,0.000858338,0.000858338,0.000858338
51,3791.7,1.47512,1.75698,1.16467,0.83381,0.38462,0.40685,0.14134,2.54859,3.0942,1.71558,0.000841835,0.000841835,0.000841835
52,3862.67,1.46345,1.82335,1.17574,0.75175,0.3604,0.37152,0.14237,2.58106,3.16186,1.73187,0.000825332,0.000825332,0.000825332
53,3934.46,1.49564,1.77391,1.17139,0.67227,0.32692,0.35593,0.11525,2.50325,3.41349,1.68023,0.000808828,0.000808828,0.000808828
54,4005.53,1.46053,1.74914,1.15544,0.53655,0.34615,0.32795,0.12226,2.43901,3.33764,1.6368,0.000792325,0.000792325,0.000792325
55,4076.3,1.47668,1.80523,1.17078,0.46256,0.36538,0.30173,0.09297,2.38041,3.38735,1.59065,0.000775822,0.000775822,0.000775822
56,4151.34,1.46424,1.74296,1.16906,0.44029,0.38462,0.25361,0.08988,2.27295,3.48563,1.52331,0.000759318,0.000759318,0.000759318
57,4228.77,1.437,1.75481,1.14891,0.41682,0.40385,0.28312,0.09522,2.33639,3.30068,1.59724,0.000742815,0.000742815,0.000742815
58,4302.04,1.35842,1.65106,1.1354,0.61882,0.42308,0.3782,0.10894,2.49581,3.04005,1.70381,0.000726312,0.000726312,0.000726312
59,4373.33,1.46374,1.79839,1.15814,0.43526,0.34615,0.29377,0.09542,2.41153,3.29106,1.62054,0.000709809,0.000709809,0.000709809
60,4444.52,1.39415,1.66062,1.12757,0.43208,0.43177,0.30412,0.10113,2.33304,3.37048,1.58921,0.000693305,0.000693305,0.000693305
61,4515.18,1.39486,1.68454,1.14411,0.54343,0.40353,0.3589,0.13643,2.40013,3.43193,1.5977,0.000676802,0.000676802,0.000676802
62,4585.69,1.44689,1.67387,1.19711,0.54844,0.36538,0.38413,0.1372,2.3855,3.40696,1.56807,0.000660299,0.000660299,0.000660299
63,4657.82,1.44575,1.6069,1.1539,0.77782,0.37623,0.41636,0.14821,2.50756,3.40522,1.59876,0.000643795,0.000643795,0.000643795
64,4728.01,1.42273,1.63954,1.15408,0.75299,0.40385,0.42222,0.14914,2.61294,3.37106,1.64899,0.000627292,0.000627292,0.000627292
65,4812.26,1.4664,1.96082,1.20497,0.78556,0.40151,0.42168,0.15946,2.62268,3.33957,1.69383,0.000610789,0.000610789,0.000610789
66,4897.46,1.3427,1.62107,1.1424,0.87272,0.41401,0.42914,0.17099,2.45024,3.39156,1.62222,0.000594286,0.000594286,0.000594286
67,4970.79,1.42017,1.66674,1.18195,0.8603,0.39865,0.43757,0.17377,2.40671,3.43309,1.60288,0.000577782,0.000577782,0.000577782
68,5042,1.37982,1.63634,1.13371,0.7616,0.36538,0.41742,0.15873,2.47742,3.3562,1.65092,0.000561279,0.000561279,0.000561279
69,5125.35,1.33685,1.56601,1.11575,0.52857,0.37553,0.37784,0.14662,2.59524,3.26963,1.7028,0.000544776,0.000544776,0.000544776
70,5200.2,1.40084,1.63203,1.13193,0.56547,0.42688,0.39777,0.13847,2.55494,3.37795,1.69594,0.000528272,0.000528272,0.000528272
71,5281.24,1.2867,1.54856,1.09779,0.61461,0.36538,0.38638,0.13442,2.47851,3.4311,1.68408,0.000511769,0.000511769,0.000511769
72,5357.85,1.26173,1.77508,1.03979,0.62708,0.40385,0.40172,0.12741,2.48326,3.41114,1.69723,0.000495266,0.000495266,0.000495266
73,5432.91,1.31773,1.49441,1.0867,0.66419,0.40385,0.40563,0.13098,2.5573,3.3287,1.70743,0.000478762,0.000478762,0.000478762
74,5506.79,1.37841,1.51804,1.13061,0.65108,0.40385,0.40784,0.13126,2.58669,3.30313,1.72112,0.000462259,0.000462259,0.000462259
75,5579.98,1.32407,1.40428,1.0741,0.76075,0.37637,0.40351,0.15101,2.5985,3.25759,1.72378,0.000445756,0.000445756,0.000445756
76,5657.55,1.3096,1.46874,1.11858,0.67963,0.42308,0.41303,0.14733,2.60142,3.23806,1.72396,0.000429253,0.000429253,0.000429253
77,5737.32,1.28283,1.40389,1.09135,0.63473,0.42308,0.36744,0.13906,2.56816,3.2882,1.73153,0.000412749,0.000412749,0.000412749
78,5812.78,1.35182,1.35036,1.10033,0.61341,0.42143,0.3948,0.14388,2.45562,3.27974,1.6841,0.000396246,0.000396246,0.000396246
79,5882.7,1.30786,1.34133,1.05666,0.66033,0.42308,0.40546,0.16055,2.35825,3.28123,1.65002,0.000379743,0.000379743,0.000379743
80,5952.85,1.26937,1.40692,1.09124,0.67959,0.40385,0.3829,0.15918,2.37798,3.25302,1.64787,0.000363239,0.000363239,0.000363239
81,6044.05,1.34309,1.50944,1.11083,0.6755,0.40385,0.38149,0.15355,2.43779,3.2049,1.6711,0.000346736,0.000346736,0.000346736
82,6123.52,1.28777,1.46982,1.11704,0.62822,0.36538,0.35876,0.13991,2.46158,3.21809,1.67332,0.000330233,0.000330233,0.000330233
83,6199.96,1.23578,1.33135,1.05628,0.719,0.37067,0.38775,0.14379,2.36382,3.25474,1.63383,0.000313729,0.000313729,0.000313729
84,6271.94,1.27786,1.43183,1.07295,0.62435,0.38462,0.38529,0.13543,2.34658,3.28649,1.60394,0.000297226,0.000297226,0.000297226
85,6343.3,1.19681,1.37438,1.07561,0.83456,0.37228,0.38203,0.12934,2.40468,3.26888,1.61325,0.000280723,0.000280723,0.000280723
86,6412.46,1.23514,1.42522,1.07041,0.56298,0.40385,0.38011,0.12035,2.50618,3.20818,1.66074,0.00026422,0.00026422,0.00026422
87,6487.43,1.23508,1.33496,1.04635,0.57228,0.41458,0.39262,0.12743,2.51099,3.17621,1.66123,0.000247716,0.000247716,0.000247716
88,6558.33,1.24656,1.38331,1.09613,0.6184,0.40385,0.38188,0.13386,2.44949,3.19233,1.63692,0.000231213,0.000231213,0.000231213
89,6631.88,1.22018,1.31567,1.07232,0.69767,0.40004,0.39138,0.13604,2.44131,3.19844,1.63351,0.00021471,0.00021471,0.00021471
90,6703.91,1.22658,1.35563,1.08281,0.66635,0.37632,0.39457,0.14132,2.4454,3.20933,1.6408,0.000198206,0.000198206,0.000198206
91,6776.06,1.22039,1.46722,1.10787,0.65721,0.42308,0.41102,0.13783,2.46437,3.20963,1.67024,0.000181703,0.000181703,0.000181703
92,6848.6,1.15529,1.39293,1.04503,0.604,0.42308,0.40206,0.14661,2.55107,3.18575,1.71067,0.0001652,0.0001652,0.0001652
93,6923.94,1.12833,1.41075,1.04885,0.66858,0.44231,0.40926,0.15095,2.59563,3.22528,1.75537,0.000148696,0.000148696,0.000148696
94,6994.2,1.14968,1.40058,1.04195,0.7068,0.44231,0.40933,0.1536,2.52825,3.23202,1.71287,0.000132193,0.000132193,0.000132193
95,7064.41,1.10903,1.3782,1.0422,0.71266,0.44231,0.41075,0.15065,2.46378,3.26518,1.69538,0.00011569,0.00011569,0.00011569
96,7138.5,1.09964,1.3741,1.04481,0.71955,0.44231,0.40971,0.1508,2.45259,3.27774,1.69483,9.91865e-05,9.91865e-05,9.91865e-05
97,7219.65,1.12809,1.34852,1.05202,0.74398,0.44081,0.40727,0.15484,2.42249,3.28488,1.687,8.26832e-05,8.26832e-05,8.26832e-05
98,7294.83,1.06799,1.36034,1.03253,0.69853,0.41747,0.38602,0.15323,2.42288,3.28311,1.68424,6.61799e-05,6.61799e-05,6.61799e-05
99,7366.57,1.07187,1.32088,1.04417,0.69629,0.42308,0.3748,0.15264,2.4203,3.2858,1.67743,4.96766e-05,4.96766e-05,4.96766e-05
100,7434.57,1.05053,1.3469,1.01983,0.64959,0.37978,0.35809,0.15393,2.44552,3.27576,1.67982,3.31733e-05,3.31733e-05,3.31733e-05
