pair_id,board_id,point_id,timestamp,image_path,debug_path,camera_x_mm,camera_y_mm,camera_z_mm,robot_x_mm,robot_y_mm,robot_z_mm,robot_rx_deg,robot_ry_deg,robot_rz_deg,reprojection_error_px,user_frame,tool_frame,note
1,001,P1,1787296678.670107,D:\D435_Project\calibration_9points_user0\images\board_001.jpg,D:\D435_Project\calibration_9points_user0\debug\board_001_points.jpg,164.902509,36.684493,783.317879,-293.585600,-677.687300,513.210000,-103.361600,51.154500,121.922700,0.061934,User 0,Tool 2,"manual needle touch, 3x3 inner corners"
2,001,P2,1787297042.089948,D:\D435_Project\calibration_9points_user0\images\board_001.jpg,D:\D435_Project\calibration_9points_user0\debug\board_001_points.jpg,139.977963,37.333333,781.488662,-274.961600,-695.125700,512.871200,-103.361600,51.154500,121.922700,0.061934,User 0,Tool 2,"manual needle touch, 3x3 inner corners"
3,001,P3,1787297236.019549,D:\D435_Project\calibration_9points_user0\images\board_001.jpg,D:\D435_Project\calibration_9points_user0\debug\board_001_points.jpg,115.053417,37.982174,779.659445,-257.052600,-712.387800,512.330300,-103.361600,51.154500,121.922700,0.061934,User 0,Tool 2,"manual needle touch, 3x3 inner corners"
4,001,P4,1787297383.733067,D:\D435_Project\calibration_9points_user0\images\board_001.jpg,D:\D435_Project\calibration_9points_user0\debug\board_001_points.jpg,164.138822,11.744872,784.877395,-293.839300,-679.453700,538.220200,-103.361600,51.154500,121.922700,0.061934,User 0,Tool 2,"manual needle touch, 3x3 inner corners"
5,001,P5,1787297544.294993,D:\D435_Project\calibration_9points_user0\images\board_001.jpg,D:\D435_Project\calibration_9points_user0\debug\board_001_points.jpg,139.214277,12.393712,783.048178,-275.551800,-695.353100,538.034400,-103.361600,51.154500,121.922700,0.061934,User 0,Tool 2,"manual needle touch, 3x3 inner corners"
6,001,P6,1787297756.353972,D:\D435_Project\calibration_9points_user0\images\board_001.jpg,D:\D435_Project\calibration_9points_user0\debug\board_001_points.jpg,114.289731,13.042553,781.218961,-257.703400,-713.930800,537.241100,-103.361600,51.154500,121.922700,0.061934,User 0,Tool 2,"manual needle touch, 3x3 inner corners"
7,001,P7,1787298072.366585,D:\D435_Project\calibration_9points_user0\images\board_001.jpg,D:\D435_Project\calibration_9points_user0\debug\board_001_points.jpg,163.375136,-13.194749,786.436912,-294.124100,-679.590600,563.335300,-103.361600,51.154500,121.922700,0.061934,User 0,Tool 2,"manual needle touch, 3x3 inner corners"
8,001,P8,1787298246.750490,D:\D435_Project\calibration_9points_user0\images\board_001.jpg,D:\D435_Project\calibration_9points_user0\debug\board_001_points.jpg,138.450590,-12.545909,784.607695,-275.802900,-697.601800,562.874800,-103.361600,51.154500,121.922700,0.061934,User 0,Tool 2,"manual needle touch, 3x3 inner corners"
9,001,P9,1787298519.802711,D:\D435_Project\calibration_9points_user0\images\board_001.jpg,D:\D435_Project\calibration_9points_user0\debug\board_001_points.jpg,113.526045,-11.897068,782.778478,-257.610800,-714.414400,562.324700,-103.361600,51.154500,121.922700,0.061934,User 0,Tool 2,"manual needle touch, 3x3 inner corners"
10,002,P1,1787299491.769114,D:\D435_Project\calibration_9points_user0\images\board_002.jpg,D:\D435_Project\calibration_9points_user0\debug\board_002_points.jpg,-125.656681,120.235328,775.996781,-91.244800,-890.177400,431.110000,-99.170700,50.667200,135.340700,0.048299,User 0,Tool 2,"manual needle touch, 3x3 inner corners"
11,002,P2,1787299629.419001,D:\D435_Project\calibration_9points_user0\images\board_002.jpg,D:\D435_Project\calibration_9points_user0\debug\board_002_points.jpg,-150.586674,119.776658,774.184317,-73.242300,-906.840800,432.006100,-99.170700,50.667200,135.340700,0.048299,User 0,Tool 2,"manual needle touch, 3x3 inner corners"
12,002,P3,1787299826.759219,D:\D435_Project\calibration_9points_user0\images\board_002.jpg,D:\D435_Project\calibration_9points_user0\debug\board_002_points.jpg,-175.516668,119.317988,772.371853,-55.612300,-924.628800,432.351900,-100.047300,49.408100,137.894600,0.048299,User 0,Tool 2,"manual needle touch, 3x3 inner corners"
13,002,P4,1787299962.995492,D:\D435_Project\calibration_9points_user0\images\board_002.jpg,D:\D435_Project\calibration_9points_user0\debug\board_002_points.jpg,-125.463878,95.497836,779.605011,-93.264100,-890.954700,456.052600,-99.571200,49.191600,135.947700,0.048299,User 0,Tool 2,"manual needle touch, 3x3 inner corners"
14,002,P5,1787300091.869122,D:\D435_Project\calibration_9points_user0\images\board_002.jpg,D:\D435_Project\calibration_9points_user0\debug\board_002_points.jpg,-150.393872,95.039166,777.792547,-75.513700,-908.696000,456.769300,-99.940500,49.360800,137.475700,0.048299,User 0,Tool 2,"manual needle touch, 3x3 inner corners"
15,002,P6,1787300229.395923,D:\D435_Project\calibration_9points_user0\images\board_002.jpg,D:\D435_Project\calibration_9points_user0\debug\board_002_points.jpg,-175.323866,94.580496,775.980083,-57.695000,-925.496900,457.658900,-101.167000,49.980400,142.679500,0.048299,User 0,Tool 2,"manual needle touch, 3x3 inner corners"
16,002,P7,1787300527.103687,D:\D435_Project\calibration_9points_user0\images\board_002.jpg,D:\D435_Project\calibration_9points_user0\debug\board_002_points.jpg,-125.271076,70.760345,783.213240,-76.073800,-907.862500,481.695800,-101.461300,50.155400,144.053800,0.048299,User 0,Tool 2,"manual needle touch, 3x3 inner corners"
17,002,P8,1787301197.776250,D:\D435_Project\calibration_9points_user0\images\board_002.jpg,D:\D435_Project\calibration_9points_user0\debug\board_002_points.jpg,-150.201070,70.301675,781.400776,-75.927300,-908.130600,481.779800,-101.662700,50.280100,145.014400,0.048299,User 0,Tool 2,"manual needle touch, 3x3 inner corners"
18,002,P9,1787301308.415541,D:\D435_Project\calibration_9points_user0\images\board_002.jpg,D:\D435_Project\calibration_9points_user0\debug\board_002_points.jpg,-175.131064,69.843005,779.588312,-58.569300,-926.022500,482.418200,-102.596100,50.926600,149.783900,0.048299,User 0,Tool 2,"manual needle touch, 3x3 inner corners"
19,003,P1,1787302033.906788,D:\D435_Project\calibration_9points_user0\images\board_003.jpg,D:\D435_Project\calibration_9points_user0\debug\board_003_points.jpg,241.532178,202.988285,762.871009,-339.728300,-617.032500,345.686800,-113.125500,30.945400,117.691900,0.055563,User 0,Tool 2,"manual needle touch, 3x3 inner corners"
20,003,P2,1787302133.329348,D:\D435_Project\calibration_9points_user0\images\board_003.jpg,D:\D435_Project\calibration_9points_user0\debug\board_003_points.jpg,216.558572,202.920140,761.724542,-321.884800,-634.053800,345.827900,-113.125500,30.945400,117.691900,0.055563,User 0,Tool 2,"manual needle touch, 3x3 inner corners"
21,003,P3,1787302292.070214,D:\D435_Project\calibration_9points_user0\images\board_003.jpg,D:\D435_Project\calibration_9points_user0\debug\board_003_points.jpg,191.584967,202.851994,760.578075,-303.323000,-651.306600,345.658100,-113.125500,30.945400,117.691900,0.055563,User 0,Tool 2,"manual needle touch, 3x3 inner corners"
22,003,P4,1787302414.647648,D:\D435_Project\calibration_9points_user0\images\board_003.jpg,D:\D435_Project\calibration_9points_user0\debug\board_003_points.jpg,241.451479,178.198132,766.102382,-341.213300,-618.376500,370.614300,-111.607600,32.772500,118.113600,0.055563,User 0,Tool 2,"manual needle touch, 3x3 inner corners"
23,003,P5,1787302536.630066,D:\D435_Project\calibration_9points_user0\images\board_003.jpg,D:\D435_Project\calibration_9points_user0\debug\board_003_points.jpg,216.477874,178.129986,764.955915,-322.625200,-635.102200,370.448200,-111.607600,32.772500,118.113600,0.055563,User 0,Tool 2,"manual needle touch, 3x3 inner corners"
24,003,P6,1787302658.400291,D:\D435_Project\calibration_9points_user0\images\board_003.jpg,D:\D435_Project\calibration_9points_user0\debug\board_003_points.jpg,191.504268,178.061841,763.809448,-304.603300,-652.473600,371.029000,-112.252300,33.122100,119.130700,0.055563,User 0,Tool 2,"manual needle touch, 3x3 inner corners"
25,003,P7,1787302787.443166,D:\D435_Project\calibration_9points_user0\images\board_003.jpg,D:\D435_Project\calibration_9points_user0\debug\board_003_points.jpg,241.370781,153.407978,769.333755,-342.261700,-619.347100,395.491600,-112.333400,33.173400,119.276200,0.055563,User 0,Tool 2,"manual needle touch, 3x3 inner corners"
26,003,P8,1787302881.533034,D:\D435_Project\calibration_9points_user0\images\board_003.jpg,D:\D435_Project\calibration_9points_user0\debug\board_003_points.jpg,216.397176,153.339833,768.187288,-324.251700,-636.720700,395.752500,-112.333400,33.173400,119.276200,0.055563,User 0,Tool 2,"manual needle touch, 3x3 inner corners"
27,003,P9,1787302992.724828,D:\D435_Project\calibration_9points_user0\images\board_003.jpg,D:\D435_Project\calibration_9points_user0\debug\board_003_points.jpg,191.423570,153.271687,767.040821,-306.761100,-654.634200,395.694000,-112.200500,33.098400,119.061500,0.055563,User 0,Tool 2,"manual needle touch, 3x3 inner corners"
28,004,P1,1787304185.535003,D:\D435_Project\calibration_9points_user0\images\board_004.jpg,D:\D435_Project\calibration_9points_user0\debug\board_004_points.jpg,430.542289,58.177517,759.321271,-463.327200,-472.386000,489.603500,-96.319800,30.617400,93.844400,0.082235,User 0,Tool 2,"manual needle touch, 3x3 inner corners"
29,004,P2,1787304323.838875,D:\D435_Project\calibration_9points_user0\images\board_004.jpg,D:\D435_Project\calibration_9points_user0\debug\board_004_points.jpg,430.722193,83.038563,756.695239,-462.275200,-471.646200,464.831300,-97.218200,30.899700,96.265100,0.082235,User 0,Tool 2,"manual needle touch, 3x3 inner corners"
30,004,P3,1787304429.435515,D:\D435_Project\calibration_9points_user0\images\board_004.jpg,D:\D435_Project\calibration_9points_user0\debug\board_004_points.jpg,430.902097,107.899609,754.069207,-461.454700,-470.572400,439.752800,-97.218200,30.899700,96.265100,0.082235,User 0,Tool 2,"manual needle touch, 3x3 inner corners"
31,004,P4,1787304567.691163,D:\D435_Project\calibration_9points_user0\images\board_004.jpg,D:\D435_Project\calibration_9points_user0\debug\board_004_points.jpg,405.744639,58.687903,762.454331,-450.227800,-493.931000,489.371200,-99.628300,31.954400,103.668400,0.082235,User 0,Tool 2,"manual needle touch, 3x3 inner corners"
32,004,P5,1787305039.211928,D:\D435_Project\calibration_9points_user0\images\board_004.jpg,D:\D435_Project\calibration_9points_user0\debug\board_004_points.jpg,405.924543,83.548948,759.828299,-449.894700,-492.051600,464.019900,-99.628300,31.954400,103.668400,0.082235,User 0,Tool 2,"manual needle touch, 3x3 inner corners"
33,004,P6,1787305231.489157,D:\D435_Project\calibration_9points_user0\images\board_004.jpg,D:\D435_Project\calibration_9points_user0\debug\board_004_points.jpg,406.104447,108.409994,757.202266,-448.055700,-491.333800,439.494200,-99.628300,31.954400,103.668400,0.082235,User 0,Tool 2,"manual needle touch, 3x3 inner corners"
34,004,P7,1787305371.941062,D:\D435_Project\calibration_9points_user0\images\board_004.jpg,D:\D435_Project\calibration_9points_user0\debug\board_004_points.jpg,380.946989,59.198288,765.587391,-436.237500,-514.052500,489.009400,-99.628300,31.954400,103.668400,0.082235,User 0,Tool 2,"manual needle touch, 3x3 inner corners"
35,004,P8,1787305506.344710,D:\D435_Project\calibration_9points_user0\images\board_004.jpg,D:\D435_Project\calibration_9points_user0\debug\board_004_points.jpg,381.126893,84.059334,762.961358,-436.587600,-513.803200,463.804200,-99.628300,31.954400,103.668400,0.082235,User 0,Tool 2,"manual needle touch, 3x3 inner corners"
36,004,P9,1787305625.754004,D:\D435_Project\calibration_9points_user0\images\board_004.jpg,D:\D435_Project\calibration_9points_user0\debug\board_004_points.jpg,381.306797,108.920379,760.335326,-435.562500,-512.391200,439.034900,-99.628300,31.954400,103.668400,0.082235,User 0,Tool 2,"manual needle touch, 3x3 inner corners"
